t_us,voltage_v,current_a,current_ref_a
0,4.177,0.380,nan
2000,4.177,0.380,nan
4000,4.177,0.380,nan
6000,4.177,0.380,nan
8000,4.177,0.380,nan
10000,4.177,0.380,nan
12000,4.177,0.380,nan
14000,4.177,0.380,nan
16000,4.177,0.380,nan
18000,4.177,0.380,nan
20000,4.177,0.380,nan
22000,4.177,0.380,nan
24000,4.177,0.380,nan
26000,4.177,0.380,nan
28000,4.177,0.380,nan
30000,4.177,0.380,nan
32000,4.177,0.380,nan
34000,4.177,0.380,nan
36000,4.177,0.380,nan
38000,4.177,0.380,nan
40000,4.177,0.380,nan
42000,4.177,0.380,nan
44000,4.177,0.380,nan
46000,4.177,0.380,nan
48000,4.177,0.380,nan
50000,4.177,0.380,nan
52000,4.177,0.380,nan
54000,4.177,0.380,nan
56000,4.177,0.380,nan
58000,4.177,0.380,nan
60000,4.177,0.380,nan
62000,4.177,0.380,nan
64000,4.177,0.380,nan
66000,4.177,0.380,nan
68000,4.177,0.380,nan
70000,4.177,0.380,nan
72000,4.177,0.380,nan
74000,4.177,0.380,nan
76000,4.177,0.380,nan
78000,4.177,0.380,nan
80000,4.177,0.380,nan
82000,4.177,0.380,nan
84000,4.177,0.380,nan
86000,4.177,0.380,nan
88000,4.177,0.380,nan
90000,4.177,0.380,nan
92000,4.177,0.380,nan
94000,4.177,0.380,nan
96000,4.177,0.380,nan
98000,4.177,0.380,nan
100000,4.177,0.380,nan
102000,4.177,0.380,nan
104000,4.177,0.380,nan
106000,4.177,0.380,nan
108000,4.177,0.380,nan
110000,4.177,0.380,nan
112000,4.177,0.380,nan
114000,4.177,0.380,nan
116000,4.177,0.380,nan
118000,4.177,0.380,nan
120000,4.177,0.380,nan
122000,4.177,0.380,nan
124000,4.177,0.380,nan
126000,4.177,0.380,nan
128000,4.177,0.380,nan
130000,4.177,0.380,nan
132000,4.177,0.380,nan
134000,4.177,0.380,nan
136000,4.177,0.380,nan
138000,4.177,0.380,nan
140000,4.177,0.380,nan
142000,4.177,0.380,nan
144000,4.177,0.380,nan
146000,4.177,0.380,nan
148000,4.177,0.380,nan
150000,4.177,0.380,nan
152000,4.177,0.380,nan
154000,4.177,0.380,nan
156000,4.177,0.380,nan
158000,4.177,0.380,nan
160000,4.177,0.380,nan
162000,4.177,0.380,nan
164000,4.177,0.380,nan
166000,4.177,0.380,nan
168000,4.177,0.380,nan
170000,4.177,0.380,nan
172000,4.177,0.380,nan
174000,4.177,0.380,nan
176000,4.177,0.380,nan
178000,4.177,0.380,nan
180000,4.177,0.380,nan
182000,4.177,0.380,nan
184000,4.177,0.380,nan
186000,4.177,0.380,nan
188000,4.177,0.380,nan
190000,4.177,0.380,nan
192000,4.177,0.380,nan
194000,4.177,0.380,nan
196000,4.177,0.380,nan
198000,4.177,0.380,nan
200000,4.177,0.380,nan
202000,4.177,0.380,nan
204000,4.177,0.380,nan
206000,4.177,0.380,nan
208000,4.177,0.380,nan
210000,4.177,0.380,nan
212000,4.177,0.380,nan
214000,4.177,0.380,nan
216000,4.177,0.380,nan
218000,4.177,0.380,nan
220000,4.177,0.380,nan
222000,4.177,0.380,nan
224000,4.177,0.380,nan
226000,4.177,0.380,nan
228000,4.177,0.380,nan
230000,4.177,0.380,nan
232000,4.177,0.380,nan
234000,4.177,0.380,nan
236000,4.177,0.380,nan
238000,4.177,0.380,nan
240000,4.177,0.380,nan
242000,4.177,0.380,nan
244000,4.177,0.380,nan
246000,4.177,0.380,nan
248000,4.177,0.380,nan
250000,4.177,0.380,nan
252000,4.177,0.380,nan
254000,4.177,0.380,nan
256000,4.177,0.380,nan
258000,4.177,0.380,nan
260000,4.177,0.380,nan
262000,4.177,0.380,nan
264000,4.177,0.380,nan
266000,4.177,0.380,nan
268000,4.177,0.380,nan
270000,4.177,0.380,nan
272000,4.177,0.380,nan
274000,4.177,0.380,nan
276000,4.177,0.380,nan
278000,4.177,0.380,nan
280000,4.177,0.380,nan
282000,4.177,0.380,nan
284000,4.177,0.380,nan
286000,4.177,0.380,nan
288000,4.177,0.380,nan
290000,4.177,0.380,nan
292000,4.177,0.380,nan
294000,4.177,0.380,nan
296000,4.177,0.380,nan
298000,4.177,0.380,nan
300000,4.177,0.380,nan
302000,4.177,0.380,nan
304000,4.177,0.380,nan
306000,4.177,0.380,nan
308000,4.177,0.380,nan
310000,4.177,0.380,nan
312000,4.177,0.380,nan
314000,4.177,0.380,nan
316000,4.177,0.380,nan
318000,4.177,0.380,nan
320000,4.177,0.380,nan
322000,4.177,0.380,nan
324000,4.177,0.380,nan
326000,4.177,0.380,nan
328000,4.177,0.380,nan
330000,4.177,0.380,nan
332000,4.177,0.380,nan
334000,4.177,0.380,nan
336000,4.177,0.380,nan
338000,4.177,0.380,nan
340000,4.177,0.380,nan
342000,4.177,0.380,nan
344000,4.177,0.380,nan
346000,4.177,0.380,nan
348000,4.177,0.380,nan
350000,4.177,0.380,nan
352000,4.177,0.380,nan
354000,4.177,0.380,nan
356000,4.177,0.380,nan
358000,4.177,0.380,nan
360000,4.177,0.380,nan
362000,4.177,0.380,nan
364000,4.177,0.380,nan
366000,4.177,0.380,nan
368000,4.177,0.380,nan
370000,4.177,0.380,nan
372000,4.177,0.380,nan
374000,4.177,0.380,nan
376000,4.177,0.380,nan
378000,4.177,0.380,nan
380000,4.177,0.380,nan
382000,4.177,0.380,nan
384000,4.177,0.380,nan
386000,4.177,0.380,nan
388000,4.177,0.380,nan
390000,4.177,0.380,nan
392000,4.177,0.380,nan
394000,4.177,0.380,nan
396000,4.177,0.380,nan
398000,4.177,0.380,nan
400000,4.177,0.380,nan
402000,4.177,0.380,nan
404000,4.177,0.380,nan
406000,4.177,0.380,nan
408000,4.177,0.380,nan
410000,4.177,0.380,nan
412000,4.177,0.380,nan
414000,4.177,0.380,nan
416000,4.177,0.380,nan
418000,4.177,0.380,nan
420000,4.177,0.380,nan
422000,4.177,0.380,nan
424000,4.177,0.380,nan
426000,4.177,0.380,nan
428000,4.177,0.380,nan
430000,4.177,0.380,nan
432000,4.177,0.380,nan
434000,4.177,0.380,nan
436000,4.177,0.380,nan
438000,4.177,0.380,nan
440000,4.177,0.380,nan
442000,4.177,0.380,nan
444000,4.177,0.380,nan
446000,4.177,0.380,nan
448000,4.177,0.380,nan
450000,4.177,0.380,nan
452000,4.177,0.380,nan
454000,4.177,0.380,nan
456000,4.177,0.380,nan
458000,4.177,0.380,nan
460000,4.177,0.380,nan
462000,4.177,0.380,nan
464000,4.177,0.380,nan
466000,4.177,0.380,nan
468000,4.177,0.380,nan
470000,4.177,0.380,nan
472000,4.177,0.380,nan
474000,4.177,0.380,nan
476000,4.177,0.380,nan
478000,4.177,0.380,nan
480000,4.177,0.380,nan
482000,4.177,0.380,nan
484000,4.177,0.380,nan
486000,4.177,0.380,nan
488000,4.177,0.380,nan
490000,4.177,0.380,nan
492000,4.177,0.380,nan
494000,4.177,0.380,nan
496000,4.177,0.380,nan
498000,4.177,0.380,nan
500000,4.177,0.380,nan
502000,4.177,0.380,nan
504000,4.177,0.380,nan
506000,4.177,0.380,nan
508000,4.177,0.380,nan
510000,4.177,0.380,nan
512000,4.177,0.380,nan
514000,4.177,0.380,nan
516000,4.177,0.380,nan
518000,4.177,0.380,nan
520000,4.177,0.380,nan
522000,4.177,0.380,nan
524000,4.177,0.380,nan
526000,4.177,0.380,nan
528000,4.177,0.380,nan
530000,4.177,0.380,nan
532000,4.177,0.380,nan
534000,4.177,0.380,nan
536000,4.177,0.380,nan
538000,4.177,0.380,nan
540000,4.177,0.380,nan
542000,4.177,0.380,nan
544000,4.177,0.380,nan
546000,4.177,0.380,nan
548000,4.177,0.380,nan
550000,4.177,0.380,nan
552000,4.177,0.380,nan
554000,4.177,0.380,nan
556000,4.177,0.380,nan
558000,4.177,0.380,nan
560000,4.177,0.380,nan
562000,4.177,0.380,nan
564000,4.177,0.380,nan
566000,4.177,0.380,nan
568000,4.177,0.380,nan
570000,4.177,0.380,nan
572000,4.177,0.380,nan
574000,4.177,0.380,nan
576000,4.177,0.380,nan
578000,4.177,0.380,nan
580000,4.177,0.380,nan
582000,4.177,0.380,nan
584000,4.177,0.380,nan
586000,4.177,0.380,nan
588000,4.177,0.380,nan
590000,4.177,0.380,nan
592000,4.177,0.380,nan
594000,4.177,0.380,nan
596000,4.177,0.380,nan
598000,4.177,0.380,nan
600000,4.177,0.380,nan
602000,4.177,0.380,nan
604000,4.177,0.380,nan
606000,4.177,0.380,nan
608000,4.177,0.380,nan
610000,4.177,0.380,nan
612000,4.177,0.380,nan
614000,4.177,0.380,nan
616000,4.177,0.380,nan
618000,4.177,0.380,nan
620000,4.177,0.380,nan
622000,4.177,0.380,nan
624000,4.177,0.380,nan
626000,4.177,0.380,nan
628000,4.177,0.380,nan
630000,4.177,0.380,nan
632000,4.177,0.380,nan
634000,4.177,0.380,nan
636000,4.177,0.380,nan
638000,4.177,0.380,nan
640000,4.177,0.380,nan
642000,4.177,0.380,nan
644000,4.177,0.380,nan
646000,4.177,0.380,nan
648000,4.177,0.380,nan
650000,4.177,0.380,nan
652000,4.177,0.380,nan
654000,4.177,0.380,nan
656000,4.177,0.380,nan
658000,4.177,0.380,nan
660000,4.177,0.380,nan
662000,4.177,0.380,nan
664000,4.177,0.380,nan
666000,4.177,0.380,nan
668000,4.177,0.380,nan
670000,4.177,0.380,nan
672000,4.177,0.380,nan
674000,4.177,0.380,nan
676000,4.177,0.380,nan
678000,4.177,0.380,nan
680000,4.177,0.380,nan
682000,4.177,0.380,nan
684000,4.177,0.380,nan
686000,4.177,0.380,nan
688000,4.177,0.380,nan
690000,4.177,0.380,nan
692000,4.177,0.380,nan
694000,4.177,0.380,nan
696000,4.177,0.380,nan
698000,4.177,0.380,nan
700000,4.177,0.380,nan
702000,4.177,0.380,nan
704000,4.177,0.380,nan
706000,4.177,0.380,nan
708000,4.177,0.380,nan
710000,4.177,0.380,nan
712000,4.177,0.380,nan
714000,4.177,0.380,nan
716000,4.177,0.380,nan
718000,4.177,0.380,nan
720000,4.177,0.380,nan
722000,4.177,0.380,nan
724000,4.177,0.380,nan
726000,4.177,0.380,nan
728000,4.177,0.380,nan
730000,4.177,0.380,nan
732000,4.177,0.380,nan
734000,4.177,0.380,nan
736000,4.177,0.380,nan
738000,4.177,0.380,nan
740000,4.177,0.380,nan
742000,4.177,0.380,nan
744000,4.177,0.380,nan
746000,4.177,0.380,nan
748000,4.177,0.380,nan
750000,4.177,0.380,nan
752000,4.177,0.380,nan
754000,4.177,0.380,nan
756000,4.177,0.380,nan
758000,4.177,0.380,nan
760000,4.177,0.380,nan
762000,4.177,0.380,nan
764000,4.177,0.380,nan
766000,4.177,0.380,nan
768000,4.177,0.380,nan
770000,4.177,0.380,nan
772000,4.177,0.380,nan
774000,4.177,0.380,nan
776000,4.177,0.380,nan
778000,4.177,0.380,nan
780000,4.177,0.380,nan
782000,4.177,0.380,nan
784000,4.177,0.380,nan
786000,4.177,0.380,nan
788000,4.177,0.380,nan
790000,4.177,0.380,nan
792000,4.177,0.380,nan
794000,4.177,0.380,nan
796000,4.177,0.380,nan
798000,4.177,0.380,nan
800000,4.177,0.380,nan
802000,4.177,0.380,nan
804000,4.177,0.380,nan
806000,4.177,0.380,nan
808000,4.177,0.380,nan
810000,4.177,0.380,nan
812000,4.177,0.380,nan
814000,4.177,0.380,nan
816000,4.177,0.380,nan
818000,4.177,0.380,nan
820000,4.177,0.380,nan
822000,4.177,0.380,nan
824000,4.177,0.380,nan
826000,4.177,0.380,nan
828000,4.177,0.380,nan
830000,4.177,0.380,nan
832000,4.177,0.380,nan
834000,4.177,0.380,nan
836000,4.177,0.380,nan
838000,4.177,0.380,nan
840000,4.177,0.380,nan
842000,4.177,0.380,nan
844000,4.177,0.380,nan
846000,4.177,0.380,nan
848000,4.177,0.380,nan
850000,4.177,0.380,nan
852000,4.177,0.380,nan
854000,4.177,0.380,nan
856000,4.177,0.380,nan
858000,4.177,0.380,nan
860000,4.177,0.380,nan
862000,4.177,0.380,nan
864000,4.177,0.380,nan
866000,4.177,0.380,nan
868000,4.177,0.380,nan
870000,4.177,0.380,nan
872000,4.177,0.380,nan
874000,4.177,0.380,nan
876000,4.177,0.380,nan
878000,4.177,0.380,nan
880000,4.177,0.380,nan
882000,4.177,0.380,nan
884000,4.177,0.380,nan
886000,4.177,0.380,nan
888000,4.177,0.380,nan
890000,4.177,0.380,nan
892000,4.177,0.380,nan
894000,4.177,0.380,nan
896000,4.177,0.380,nan
898000,4.177,0.380,nan
900000,4.177,0.380,nan
902000,4.177,0.380,nan
904000,4.177,0.380,nan
906000,4.177,0.380,nan
908000,4.177,0.380,nan
910000,4.177,0.380,nan
912000,4.177,0.380,nan
914000,4.177,0.380,nan
916000,4.177,0.380,nan
918000,4.177,0.380,nan
920000,4.177,0.380,nan
922000,4.177,0.380,nan
924000,4.177,0.380,nan
926000,4.177,0.380,nan
928000,4.177,0.380,nan
930000,4.177,0.380,nan
932000,4.177,0.380,nan
934000,4.177,0.380,nan
936000,4.177,0.380,nan
938000,4.177,0.380,nan
940000,4.177,0.380,nan
942000,4.177,0.380,nan
944000,4.177,0.380,nan
946000,4.177,0.380,nan
948000,4.177,0.380,nan
950000,4.177,0.380,nan
952000,4.177,0.380,nan
954000,4.177,0.380,nan
956000,4.177,0.380,nan
958000,4.177,0.380,nan
960000,4.177,0.380,nan
962000,4.177,0.380,nan
964000,4.177,0.380,nan
966000,4.177,0.380,nan
968000,4.177,0.380,nan
970000,4.177,0.380,nan
972000,4.177,0.380,nan
974000,4.177,0.380,nan
976000,4.177,0.380,nan
978000,4.177,0.380,nan
980000,4.177,0.380,nan
982000,4.177,0.380,nan
984000,4.177,0.380,nan
986000,4.177,0.380,nan
988000,4.177,0.380,nan
990000,4.177,0.380,nan
992000,4.177,0.380,nan
994000,4.177,0.380,nan
996000,4.177,0.380,nan
998000,4.177,0.380,nan
1000000,4.177,0.380,nan
1002000,4.176,0.401,nan
1004000,4.175,0.423,nan
1006000,4.173,0.444,nan
1008000,4.172,0.465,nan
1010000,4.171,0.487,nan
1012000,4.170,0.508,nan
1014000,4.168,0.529,nan
1016000,4.167,0.551,nan
1018000,4.166,0.572,nan
1020000,4.164,0.593,nan
1022000,4.163,0.615,nan
1024000,4.162,0.636,nan
1026000,4.161,0.657,nan
1028000,4.159,0.679,nan
1030000,4.158,0.700,nan
1032000,4.157,0.721,nan
1034000,4.155,0.743,nan
1036000,4.154,0.764,nan
1038000,4.153,0.785,nan
1040000,4.152,0.807,nan
1042000,4.150,0.828,nan
1044000,4.149,0.849,nan
1046000,4.148,0.871,nan
1048000,4.146,0.892,nan
1050000,4.145,0.913,nan
1052000,4.144,0.935,nan
1054000,4.143,0.956,nan
1056000,4.141,0.977,nan
1058000,4.140,0.999,nan
1060000,4.139,1.020,nan
1062000,4.138,1.041,nan
1064000,4.136,1.063,nan
1066000,4.135,1.084,nan
1068000,4.134,1.105,nan
1070000,4.132,1.127,nan
1072000,4.131,1.148,nan
1074000,4.130,1.169,nan
1076000,4.129,1.191,nan
1078000,4.127,1.212,nan
1080000,4.126,1.233,nan
1082000,4.125,1.255,nan
1084000,4.123,1.276,nan
1086000,4.122,1.297,nan
1088000,4.121,1.319,nan
1090000,4.120,1.340,nan
1092000,4.118,1.361,nan
1094000,4.117,1.383,nan
1096000,4.116,1.404,nan
1098000,4.114,1.425,nan
1100000,4.113,1.447,nan
1102000,4.112,1.468,nan
1104000,4.111,1.489,nan
1106000,4.109,1.511,nan
1108000,4.108,1.532,nan
1110000,4.107,1.553,nan
1112000,4.106,1.575,nan
1114000,4.104,1.596,nan
1116000,4.103,1.617,nan
1118000,4.102,1.639,nan
1120000,4.100,1.660,nan
1122000,4.099,1.681,nan
1124000,4.098,1.703,nan
1126000,4.097,1.724,nan
1128000,4.095,1.745,nan
1130000,4.094,1.767,nan
1132000,4.093,1.788,nan
1134000,4.091,1.809,nan
1136000,4.090,1.831,nan
1138000,4.089,1.852,nan
1140000,4.088,1.873,nan
1142000,4.086,1.895,nan
1144000,4.085,1.916,nan
1146000,4.084,1.937,nan
1148000,4.082,1.959,nan
1150000,4.081,1.980,nan
1152000,4.081,1.980,nan
1154000,4.081,1.980,nan
1156000,4.081,1.980,nan
1158000,4.081,1.980,nan
1160000,4.081,1.980,nan
1162000,4.081,1.980,nan
1164000,4.081,1.980,nan
1166000,4.081,1.980,nan
1168000,4.081,1.980,nan
1170000,4.081,1.980,nan
1172000,4.081,1.980,nan
1174000,4.081,1.980,nan
1176000,4.081,1.980,nan
1178000,4.081,1.980,nan
1180000,4.081,1.980,nan
1182000,4.081,1.980,nan
1184000,4.081,1.980,nan
1186000,4.081,1.980,nan
1188000,4.081,1.980,nan
1190000,4.081,1.980,nan
1192000,4.081,1.980,nan
1194000,4.081,1.980,nan
1196000,4.081,1.980,nan
1198000,4.081,1.980,nan
1200000,4.081,1.980,nan
1202000,4.081,1.980,nan
1204000,4.081,1.980,nan
1206000,4.081,1.980,nan
1208000,4.081,1.980,nan
1210000,4.081,1.980,nan
1212000,4.081,1.980,nan
1214000,4.081,1.980,nan
1216000,4.081,1.980,nan
1218000,4.081,1.980,nan
1220000,4.081,1.980,nan
1222000,4.081,1.980,nan
1224000,4.081,1.980,nan
1226000,4.081,1.980,nan
1228000,4.081,1.980,nan
1230000,4.081,1.980,nan
1232000,4.081,1.980,nan
1234000,4.081,1.980,nan
1236000,4.081,1.980,nan
1238000,4.081,1.980,nan
1240000,4.081,1.980,nan
1242000,4.081,1.980,nan
1244000,4.081,1.980,nan
1246000,4.081,1.980,nan
1248000,4.081,1.980,nan
1250000,4.081,1.980,nan
1252000,4.081,1.980,nan
1254000,4.081,1.980,nan
1256000,4.081,1.980,nan
1258000,4.081,1.980,nan
1260000,4.081,1.980,nan
1262000,4.081,1.980,nan
1264000,4.081,1.980,nan
1266000,4.081,1.980,nan
1268000,4.081,1.980,nan
1270000,4.081,1.980,nan
1272000,4.081,1.980,nan
1274000,4.081,1.980,nan
1276000,4.081,1.980,nan
1278000,4.081,1.980,nan
1280000,4.081,1.980,nan
1282000,4.081,1.980,nan
1284000,4.081,1.980,nan
1286000,4.081,1.980,nan
1288000,4.081,1.980,nan
1290000,4.081,1.980,nan
1292000,4.081,1.980,nan
1294000,4.081,1.980,nan
1296000,4.081,1.980,nan
1298000,4.081,1.980,nan
1300000,4.081,1.980,nan
1302000,4.081,1.980,nan
1304000,4.081,1.980,nan
1306000,4.081,1.980,nan
1308000,4.081,1.980,nan
1310000,4.081,1.980,nan
1312000,4.081,1.980,nan
1314000,4.081,1.980,nan
1316000,4.081,1.980,nan
1318000,4.081,1.980,nan
1320000,4.081,1.980,nan
1322000,4.081,1.980,nan
1324000,4.081,1.980,nan
1326000,4.081,1.980,nan
1328000,4.081,1.980,nan
1330000,4.081,1.980,nan
1332000,4.081,1.980,nan
1334000,4.081,1.980,nan
1336000,4.081,1.980,nan
1338000,4.081,1.980,nan
1340000,4.081,1.980,nan
1342000,4.081,1.980,nan
1344000,4.081,1.980,nan
1346000,4.081,1.980,nan
1348000,4.081,1.980,nan
1350000,4.081,1.980,nan
1352000,4.081,1.980,nan
1354000,4.081,1.980,nan
1356000,4.081,1.980,nan
1358000,4.081,1.980,nan
1360000,4.081,1.980,nan
1362000,4.081,1.980,nan
1364000,4.081,1.980,nan
1366000,4.081,1.980,nan
1368000,4.081,1.980,nan
1370000,4.081,1.980,nan
1372000,4.081,1.980,nan
1374000,4.081,1.980,nan
1376000,4.081,1.980,nan
1378000,4.081,1.980,nan
1380000,4.081,1.980,nan
1382000,4.081,1.980,nan
1384000,4.081,1.980,nan
1386000,4.081,1.980,nan
1388000,4.081,1.980,nan
1390000,4.081,1.980,nan
1392000,4.081,1.980,nan
1394000,4.081,1.980,nan
1396000,4.081,1.980,nan
1398000,4.081,1.980,nan
1400000,4.081,1.980,nan
1402000,4.081,1.980,nan
1404000,4.081,1.980,nan
1406000,4.081,1.980,nan
1408000,4.081,1.980,nan
1410000,4.081,1.980,nan
1412000,4.081,1.980,nan
1414000,4.081,1.980,nan
1416000,4.081,1.980,nan
1418000,4.081,1.980,nan
1420000,4.081,1.980,nan
1422000,4.081,1.980,nan
1424000,4.081,1.980,nan
1426000,4.081,1.980,nan
1428000,4.081,1.980,nan
1430000,4.081,1.980,nan
1432000,4.081,1.980,nan
1434000,4.081,1.980,nan
1436000,4.081,1.980,nan
1438000,4.081,1.980,nan
1440000,4.081,1.980,nan
1442000,4.081,1.980,nan
1444000,4.081,1.980,nan
1446000,4.081,1.980,nan
1448000,4.081,1.980,nan
1450000,4.081,1.980,nan
1452000,4.081,1.980,nan
1454000,4.081,1.980,nan
1456000,4.081,1.980,nan
1458000,4.081,1.980,nan
1460000,4.081,1.980,nan
1462000,4.081,1.980,nan
1464000,4.081,1.980,nan
1466000,4.081,1.980,nan
1468000,4.081,1.980,nan
1470000,4.081,1.980,nan
1472000,4.081,1.980,nan
1474000,4.081,1.980,nan
1476000,4.081,1.980,nan
1478000,4.081,1.980,nan
1480000,4.081,1.980,nan
1482000,4.081,1.980,nan
1484000,4.081,1.980,nan
1486000,4.081,1.980,nan
1488000,4.081,1.980,nan
1490000,4.081,1.980,nan
1492000,4.081,1.980,nan
1494000,4.081,1.980,nan
1496000,4.081,1.980,nan
1498000,4.081,1.980,nan
1500000,4.081,1.980,nan
1502000,4.081,1.980,nan
1504000,4.081,1.980,nan
1506000,4.081,1.980,nan
1508000,4.081,1.980,nan
1510000,4.081,1.980,nan
1512000,4.081,1.980,nan
1514000,4.081,1.980,nan
1516000,4.081,1.980,nan
1518000,4.081,1.980,nan
1520000,4.081,1.980,nan
1522000,4.081,1.980,nan
1524000,4.081,1.980,nan
1526000,4.081,1.980,nan
1528000,4.081,1.980,nan
1530000,4.081,1.980,nan
1532000,4.081,1.980,nan
1534000,4.081,1.980,nan
1536000,4.081,1.980,nan
1538000,4.081,1.980,nan
1540000,4.081,1.980,nan
1542000,4.081,1.980,nan
1544000,4.081,1.980,nan
1546000,4.081,1.980,nan
1548000,4.081,1.980,nan
1550000,4.081,1.980,nan
1552000,4.081,1.980,nan
1554000,4.081,1.980,nan
1556000,4.081,1.980,nan
1558000,4.081,1.980,nan
1560000,4.081,1.980,nan
1562000,4.081,1.980,nan
1564000,4.081,1.980,nan
1566000,4.081,1.980,nan
1568000,4.081,1.980,nan
1570000,4.081,1.980,nan
1572000,4.081,1.980,nan
1574000,4.081,1.980,nan
1576000,4.081,1.980,nan
1578000,4.081,1.980,nan
1580000,4.081,1.980,nan
1582000,4.081,1.980,nan
1584000,4.081,1.980,nan
1586000,4.081,1.980,nan
1588000,4.081,1.980,nan
1590000,4.081,1.980,nan
1592000,4.081,1.980,nan
1594000,4.081,1.980,nan
1596000,4.081,1.980,nan
1598000,4.081,1.980,nan
1600000,4.081,1.980,nan
1602000,4.081,1.980,nan
1604000,4.081,1.980,nan
1606000,4.081,1.980,nan
1608000,4.081,1.980,nan
1610000,4.081,1.980,nan
1612000,4.081,1.980,nan
1614000,4.081,1.980,nan
1616000,4.081,1.980,nan
1618000,4.081,1.980,nan
1620000,4.081,1.980,nan
1622000,4.081,1.980,nan
1624000,4.081,1.980,nan
1626000,4.081,1.980,nan
1628000,4.081,1.980,nan
1630000,4.081,1.980,nan
1632000,4.081,1.980,nan
1634000,4.081,1.980,nan
1636000,4.081,1.980,nan
1638000,4.081,1.980,nan
1640000,4.081,1.980,nan
1642000,4.081,1.980,nan
1644000,4.081,1.980,nan
1646000,4.081,1.980,nan
1648000,4.081,1.980,nan
1650000,4.081,1.980,nan
1652000,4.081,1.980,nan
1654000,4.081,1.980,nan
1656000,4.081,1.980,nan
1658000,4.081,1.980,nan
1660000,4.081,1.980,nan
1662000,4.081,1.980,nan
1664000,4.081,1.980,nan
1666000,4.081,1.980,nan
1668000,4.081,1.980,nan
1670000,4.081,1.980,nan
1672000,4.081,1.980,nan
1674000,4.081,1.980,nan
1676000,4.081,1.980,nan
1678000,4.081,1.980,nan
1680000,4.081,1.980,nan
1682000,4.081,1.980,nan
1684000,4.081,1.980,nan
1686000,4.081,1.980,nan
1688000,4.081,1.980,nan
1690000,4.081,1.980,nan
1692000,4.081,1.980,nan
1694000,4.081,1.980,nan
1696000,4.081,1.980,nan
1698000,4.081,1.980,nan
1700000,4.081,1.980,nan
1702000,4.081,1.980,nan
1704000,4.081,1.980,nan
1706000,4.081,1.980,nan
1708000,4.081,1.980,nan
1710000,4.081,1.980,nan
1712000,4.081,1.980,nan
1714000,4.081,1.980,nan
1716000,4.081,1.980,nan
1718000,4.081,1.980,nan
1720000,4.081,1.980,nan
1722000,4.081,1.980,nan
1724000,4.081,1.980,nan
1726000,4.081,1.980,nan
1728000,4.081,1.980,nan
1730000,4.081,1.980,nan
1732000,4.081,1.980,nan
1734000,4.081,1.980,nan
1736000,4.081,1.980,nan
1738000,4.081,1.980,nan
1740000,4.081,1.980,nan
1742000,4.081,1.980,nan
1744000,4.081,1.980,nan
1746000,4.081,1.980,nan
1748000,4.081,1.980,nan
1750000,4.081,1.980,nan
1752000,4.081,1.980,nan
1754000,4.081,1.980,nan
1756000,4.081,1.980,nan
1758000,4.081,1.980,nan
1760000,4.081,1.980,nan
1762000,4.081,1.980,nan
1764000,4.081,1.980,nan
1766000,4.081,1.980,nan
1768000,4.081,1.980,nan
1770000,4.081,1.980,nan
1772000,4.081,1.980,nan
1774000,4.081,1.980,nan
1776000,4.081,1.980,nan
1778000,4.081,1.980,nan
1780000,4.081,1.980,nan
1782000,4.081,1.980,nan
1784000,4.081,1.980,nan
1786000,4.081,1.980,nan
1788000,4.081,1.980,nan
1790000,4.081,1.980,nan
1792000,4.081,1.980,nan
1794000,4.081,1.980,nan
1796000,4.081,1.980,nan
1798000,4.081,1.980,nan
1800000,4.081,1.980,nan
1802000,4.081,1.980,nan
1804000,4.081,1.980,nan
1806000,4.081,1.980,nan
1808000,4.081,1.980,nan
1810000,4.081,1.980,nan
1812000,4.081,1.980,nan
1814000,4.081,1.980,nan
1816000,4.081,1.980,nan
1818000,4.081,1.980,nan
1820000,4.081,1.980,nan
1822000,4.081,1.980,nan
1824000,4.081,1.980,nan
1826000,4.081,1.980,nan
1828000,4.081,1.980,nan
1830000,4.081,1.980,nan
1832000,4.081,1.980,nan
1834000,4.081,1.980,nan
1836000,4.081,1.980,nan
1838000,4.081,1.980,nan
1840000,4.081,1.980,nan
1842000,4.081,1.980,nan
1844000,4.081,1.980,nan
1846000,4.081,1.980,nan
1848000,4.081,1.980,nan
1850000,4.081,1.980,nan
1852000,4.081,1.980,nan
1854000,4.081,1.980,nan
1856000,4.081,1.980,nan
1858000,4.081,1.980,nan
1860000,4.081,1.980,nan
1862000,4.081,1.980,nan
1864000,4.081,1.980,nan
1866000,4.081,1.980,nan
1868000,4.081,1.980,nan
1870000,4.081,1.980,nan
1872000,4.081,1.980,nan
1874000,4.081,1.980,nan
1876000,4.081,1.980,nan
1878000,4.081,1.980,nan
1880000,4.081,1.980,nan
1882000,4.081,1.980,nan
1884000,4.081,1.980,nan
1886000,4.081,1.980,nan
1888000,4.081,1.980,nan
1890000,4.081,1.980,nan
1892000,4.081,1.980,nan
1894000,4.081,1.980,nan
1896000,4.081,1.980,nan
1898000,4.081,1.980,nan
1900000,4.081,1.980,nan
1902000,4.081,1.980,nan
1904000,4.081,1.980,nan
1906000,4.081,1.980,nan
1908000,4.081,1.980,nan
1910000,4.081,1.980,nan
1912000,4.081,1.980,nan
1914000,4.081,1.980,nan
1916000,4.081,1.980,nan
1918000,4.081,1.980,nan
1920000,4.081,1.980,nan
1922000,4.081,1.980,nan
1924000,4.081,1.980,nan
1926000,4.081,1.980,nan
1928000,4.081,1.980,nan
1930000,4.081,1.980,nan
1932000,4.081,1.980,nan
1934000,4.081,1.980,nan
1936000,4.081,1.980,nan
1938000,4.081,1.980,nan
1940000,4.081,1.980,nan
1942000,4.081,1.980,nan
1944000,4.081,1.980,nan
1946000,4.081,1.980,nan
1948000,4.081,1.980,nan
1950000,4.081,1.980,nan
1952000,4.081,1.980,nan
1954000,4.081,1.980,nan
1956000,4.081,1.980,nan
1958000,4.081,1.980,nan
1960000,4.081,1.980,nan
1962000,4.081,1.980,nan
1964000,4.081,1.980,nan
1966000,4.081,1.980,nan
1968000,4.081,1.980,nan
1970000,4.081,1.980,nan
1972000,4.081,1.980,nan
1974000,4.081,1.980,nan
1976000,4.081,1.980,nan
1978000,4.081,1.980,nan
1980000,4.081,1.980,nan
1982000,4.081,1.980,nan
1984000,4.081,1.980,nan
1986000,4.081,1.980,nan
1988000,4.081,1.980,nan
1990000,4.081,1.980,nan
1992000,4.081,1.980,nan
1994000,4.081,1.980,nan
1996000,4.081,1.980,nan
1998000,4.081,1.980,nan
2000000,4.081,1.980,nan
2002000,4.081,1.980,nan
2004000,4.081,1.980,nan
2006000,4.081,1.980,nan
2008000,4.081,1.980,nan
2010000,4.081,1.980,nan
2012000,4.081,1.980,nan
2014000,4.081,1.980,nan
2016000,4.081,1.980,nan
2018000,4.081,1.980,nan
2020000,4.081,1.980,nan
2022000,4.081,1.980,nan
2024000,4.081,1.980,nan
2026000,4.081,1.980,nan
2028000,4.081,1.980,nan
2030000,4.081,1.980,nan
2032000,4.081,1.980,nan
2034000,4.081,1.980,nan
2036000,4.081,1.980,nan
2038000,4.081,1.980,nan
2040000,4.081,1.980,nan
2042000,4.081,1.980,nan
2044000,4.081,1.980,nan
2046000,4.081,1.980,nan
2048000,4.081,1.980,nan
2050000,4.081,1.980,nan
2052000,4.081,1.980,nan
2054000,4.081,1.980,nan
2056000,4.081,1.980,nan
2058000,4.081,1.980,nan
2060000,4.081,1.980,nan
2062000,4.081,1.980,nan
2064000,4.081,1.980,nan
2066000,4.081,1.980,nan
2068000,4.081,1.980,nan
2070000,4.081,1.980,nan
2072000,4.081,1.980,nan
2074000,4.081,1.980,nan
2076000,4.081,1.980,nan
2078000,4.081,1.980,nan
2080000,4.081,1.980,nan
2082000,4.081,1.980,nan
2084000,4.081,1.980,nan
2086000,4.081,1.980,nan
2088000,4.081,1.980,nan
2090000,4.081,1.980,nan
2092000,4.081,1.980,nan
2094000,4.081,1.980,nan
2096000,4.081,1.980,nan
2098000,4.081,1.980,nan
2100000,4.081,1.980,nan
2102000,4.081,1.980,nan
2104000,4.081,1.980,nan
2106000,4.081,1.980,nan
2108000,4.081,1.980,nan
2110000,4.081,1.980,nan
2112000,4.081,1.980,nan
2114000,4.081,1.980,nan
2116000,4.081,1.980,nan
2118000,4.081,1.980,nan
2120000,4.081,1.980,nan
2122000,4.081,1.980,nan
2124000,4.081,1.980,nan
2126000,4.081,1.980,nan
2128000,4.081,1.980,nan
2130000,4.081,1.980,nan
2132000,4.081,1.980,nan
2134000,4.081,1.980,nan
2136000,4.081,1.980,nan
2138000,4.081,1.980,nan
2140000,4.081,1.980,nan
2142000,4.081,1.980,nan
2144000,4.081,1.980,nan
2146000,4.081,1.980,nan
2148000,4.081,1.980,nan
2150000,4.081,1.980,nan
2152000,4.081,1.980,nan
2154000,4.081,1.980,nan
2156000,4.081,1.980,nan
2158000,4.081,1.980,nan
2160000,4.081,1.980,nan
2162000,4.081,1.980,nan
2164000,4.081,1.980,nan
2166000,4.081,1.980,nan
2168000,4.081,1.980,nan
2170000,4.081,1.980,nan
2172000,4.081,1.980,nan
2174000,4.081,1.980,nan
2176000,4.081,1.980,nan
2178000,4.081,1.980,nan
2180000,4.081,1.980,nan
2182000,4.081,1.980,nan
2184000,4.081,1.980,nan
2186000,4.081,1.980,nan
2188000,4.081,1.980,nan
2190000,4.081,1.980,nan
2192000,4.081,1.980,nan
2194000,4.081,1.980,nan
2196000,4.081,1.980,nan
2198000,4.081,1.980,nan
2200000,4.081,1.980,nan
2202000,4.081,1.980,nan
2204000,4.081,1.980,nan
2206000,4.081,1.980,nan
2208000,4.081,1.980,nan
2210000,4.081,1.980,nan
2212000,4.081,1.980,nan
2214000,4.081,1.980,nan
2216000,4.081,1.980,nan
2218000,4.081,1.980,nan
2220000,4.081,1.980,nan
2222000,4.081,1.980,nan
2224000,4.081,1.980,nan
2226000,4.081,1.980,nan
2228000,4.081,1.980,nan
2230000,4.081,1.980,nan
2232000,4.081,1.980,nan
2234000,4.081,1.980,nan
2236000,4.081,1.980,nan
2238000,4.081,1.980,nan
2240000,4.081,1.980,nan
2242000,4.081,1.980,nan
2244000,4.081,1.980,nan
2246000,4.081,1.980,nan
2248000,4.081,1.980,nan
2250000,4.081,1.980,nan
2252000,4.081,1.980,nan
2254000,4.081,1.980,nan
2256000,4.081,1.980,nan
2258000,4.081,1.980,nan
2260000,4.081,1.980,nan
2262000,4.081,1.980,nan
2264000,4.081,1.980,nan
2266000,4.081,1.980,nan
2268000,4.081,1.980,nan
2270000,4.081,1.980,nan
2272000,4.081,1.980,nan
2274000,4.081,1.980,nan
2276000,4.081,1.980,nan
2278000,4.081,1.980,nan
2280000,4.081,1.980,nan
2282000,4.081,1.980,nan
2284000,4.081,1.980,nan
2286000,4.081,1.980,nan
2288000,4.081,1.980,nan
2290000,4.081,1.980,nan
2292000,4.081,1.980,nan
2294000,4.081,1.980,nan
2296000,4.081,1.980,nan
2298000,4.081,1.980,nan
2300000,4.081,1.980,nan
2302000,4.081,1.980,nan
2304000,4.081,1.980,nan
2306000,4.081,1.980,nan
2308000,4.081,1.980,nan
2310000,4.081,1.980,nan
2312000,4.081,1.980,nan
2314000,4.081,1.980,nan
2316000,4.081,1.980,nan
2318000,4.081,1.980,nan
2320000,4.081,1.980,nan
2322000,4.081,1.980,nan
2324000,4.081,1.980,nan
2326000,4.081,1.980,nan
2328000,4.081,1.980,nan
2330000,4.081,1.980,nan
2332000,4.081,1.980,nan
2334000,4.081,1.980,nan
2336000,4.081,1.980,nan
2338000,4.081,1.980,nan
2340000,4.081,1.980,nan
2342000,4.081,1.980,nan
2344000,4.081,1.980,nan
2346000,4.081,1.980,nan
2348000,4.081,1.980,nan
2350000,4.081,1.980,nan
2352000,4.081,1.980,nan
2354000,4.081,1.980,nan
2356000,4.081,1.980,nan
2358000,4.081,1.980,nan
2360000,4.081,1.980,nan
2362000,4.081,1.980,nan
2364000,4.081,1.980,nan
2366000,4.081,1.980,nan
2368000,4.081,1.980,nan
2370000,4.081,1.980,nan
2372000,4.081,1.980,nan
2374000,4.081,1.980,nan
2376000,4.081,1.980,nan
2378000,4.081,1.980,nan
2380000,4.081,1.980,nan
2382000,4.081,1.980,nan
2384000,4.081,1.980,nan
2386000,4.081,1.980,nan
2388000,4.081,1.980,nan
2390000,4.081,1.980,nan
2392000,4.081,1.980,nan
2394000,4.081,1.980,nan
2396000,4.081,1.980,nan
2398000,4.081,1.980,nan
2400000,4.081,1.980,nan
2402000,4.081,1.980,nan
2404000,4.081,1.980,nan
2406000,4.081,1.980,nan
2408000,4.081,1.980,nan
2410000,4.081,1.980,nan
2412000,4.081,1.980,nan
2414000,4.081,1.980,nan
2416000,4.081,1.980,nan
2418000,4.081,1.980,nan
2420000,4.081,1.980,nan
2422000,4.081,1.980,nan
2424000,4.081,1.980,nan
2426000,4.081,1.980,nan
2428000,4.081,1.980,nan
2430000,4.081,1.980,nan
2432000,4.081,1.980,nan
2434000,4.081,1.980,nan
2436000,4.081,1.980,nan
2438000,4.081,1.980,nan
2440000,4.081,1.980,nan
2442000,4.081,1.980,nan
2444000,4.081,1.980,nan
2446000,4.081,1.980,nan
2448000,4.081,1.980,nan
2450000,4.081,1.980,nan
2452000,4.081,1.980,nan
2454000,4.081,1.980,nan
2456000,4.081,1.980,nan
2458000,4.081,1.980,nan
2460000,4.081,1.980,nan
2462000,4.081,1.980,nan
2464000,4.081,1.980,nan
2466000,4.081,1.980,nan
2468000,4.081,1.980,nan
2470000,4.081,1.980,nan
2472000,4.081,1.980,nan
2474000,4.081,1.980,nan
2476000,4.081,1.980,nan
2478000,4.081,1.980,nan
2480000,4.081,1.980,nan
2482000,4.081,1.980,nan
2484000,4.081,1.980,nan
2486000,4.081,1.980,nan
2488000,4.081,1.980,nan
2490000,4.081,1.980,nan
2492000,4.081,1.980,nan
2494000,4.081,1.980,nan
2496000,4.081,1.980,nan
2498000,4.081,1.980,nan
2500000,4.081,1.980,nan
2502000,4.081,1.980,nan
2504000,4.081,1.980,nan
2506000,4.081,1.980,nan
2508000,4.081,1.980,nan
2510000,4.081,1.980,nan
2512000,4.081,1.980,nan
2514000,4.081,1.980,nan
2516000,4.081,1.980,nan
2518000,4.081,1.980,nan
2520000,4.081,1.980,nan
2522000,4.081,1.980,nan
2524000,4.081,1.980,nan
2526000,4.081,1.980,nan
2528000,4.081,1.980,nan
2530000,4.081,1.980,nan
2532000,4.081,1.980,nan
2534000,4.081,1.980,nan
2536000,4.081,1.980,nan
2538000,4.081,1.980,nan
2540000,4.081,1.980,nan
2542000,4.081,1.980,nan
2544000,4.081,1.980,nan
2546000,4.081,1.980,nan
2548000,4.081,1.980,nan
2550000,4.081,1.980,nan
2552000,4.081,1.980,nan
2554000,4.081,1.980,nan
2556000,4.081,1.980,nan
2558000,4.081,1.980,nan
2560000,4.081,1.980,nan
2562000,4.081,1.980,nan
2564000,4.081,1.980,nan
2566000,4.081,1.980,nan
2568000,4.081,1.980,nan
2570000,4.081,1.980,nan
2572000,4.081,1.980,nan
2574000,4.081,1.980,nan
2576000,4.081,1.980,nan
2578000,4.081,1.980,nan
2580000,4.081,1.980,nan
2582000,4.081,1.980,nan
2584000,4.081,1.980,nan
2586000,4.081,1.980,nan
2588000,4.081,1.980,nan
2590000,4.081,1.980,nan
2592000,4.081,1.980,nan
2594000,4.081,1.980,nan
2596000,4.081,1.980,nan
2598000,4.081,1.980,nan
2600000,4.081,1.980,nan
2602000,4.081,1.980,nan
2604000,4.081,1.980,nan
2606000,4.081,1.980,nan
2608000,4.081,1.980,nan
2610000,4.081,1.980,nan
2612000,4.081,1.980,nan
2614000,4.081,1.980,nan
2616000,4.081,1.980,nan
2618000,4.081,1.980,nan
2620000,4.081,1.980,nan
2622000,4.081,1.980,nan
2624000,4.081,1.980,nan
2626000,4.081,1.980,nan
2628000,4.081,1.980,nan
2630000,4.081,1.980,nan
2632000,4.081,1.980,nan
2634000,4.081,1.980,nan
2636000,4.081,1.980,nan
2638000,4.081,1.980,nan
2640000,4.081,1.980,nan
2642000,4.081,1.980,nan
2644000,4.081,1.980,nan
2646000,4.081,1.980,nan
2648000,4.081,1.980,nan
2650000,4.081,1.980,nan
2652000,4.081,1.980,nan
2654000,4.081,1.980,nan
2656000,4.081,1.980,nan
2658000,4.081,1.980,nan
2660000,4.081,1.980,nan
2662000,4.081,1.980,nan
2664000,4.081,1.980,nan
2666000,4.081,1.980,nan
2668000,4.081,1.980,nan
2670000,4.081,1.980,nan
2672000,4.081,1.980,nan
2674000,4.081,1.980,nan
2676000,4.081,1.980,nan
2678000,4.081,1.980,nan
2680000,4.081,1.980,nan
2682000,4.081,1.980,nan
2684000,4.081,1.980,nan
2686000,4.081,1.980,nan
2688000,4.081,1.980,nan
2690000,4.081,1.980,nan
2692000,4.081,1.980,nan
2694000,4.081,1.980,nan
2696000,4.081,1.980,nan
2698000,4.081,1.980,nan
2700000,4.081,1.980,nan
2702000,4.081,1.980,nan
2704000,4.081,1.980,nan
2706000,4.081,1.980,nan
2708000,4.081,1.980,nan
2710000,4.081,1.980,nan
2712000,4.081,1.980,nan
2714000,4.081,1.980,nan
2716000,4.081,1.980,nan
2718000,4.081,1.980,nan
2720000,4.081,1.980,nan
2722000,4.081,1.980,nan
2724000,4.081,1.980,nan
2726000,4.081,1.980,nan
2728000,4.081,1.980,nan
2730000,4.081,1.980,nan
2732000,4.081,1.980,nan
2734000,4.081,1.980,nan
2736000,4.081,1.980,nan
2738000,4.081,1.980,nan
2740000,4.081,1.980,nan
2742000,4.081,1.980,nan
2744000,4.081,1.980,nan
2746000,4.081,1.980,nan
2748000,4.081,1.980,nan
2750000,4.081,1.980,nan
2752000,4.081,1.980,nan
2754000,4.081,1.980,nan
2756000,4.081,1.980,nan
2758000,4.081,1.980,nan
2760000,4.081,1.980,nan
2762000,4.081,1.980,nan
2764000,4.081,1.980,nan
2766000,4.081,1.980,nan
2768000,4.081,1.980,nan
2770000,4.081,1.980,nan
2772000,4.081,1.980,nan
2774000,4.081,1.980,nan
2776000,4.081,1.980,nan
2778000,4.081,1.980,nan
2780000,4.081,1.980,nan
2782000,4.081,1.980,nan
2784000,4.081,1.980,nan
2786000,4.081,1.980,nan
2788000,4.081,1.980,nan
2790000,4.081,1.980,nan
2792000,4.081,1.980,nan
2794000,4.081,1.980,nan
2796000,4.081,1.980,nan
2798000,4.081,1.980,nan
2800000,4.081,1.980,nan
2802000,4.081,1.980,nan
2804000,4.081,1.980,nan
2806000,4.081,1.980,nan
2808000,4.081,1.980,nan
2810000,4.081,1.980,nan
2812000,4.081,1.980,nan
2814000,4.081,1.980,nan
2816000,4.081,1.980,nan
2818000,4.081,1.980,nan
2820000,4.081,1.980,nan
2822000,4.081,1.980,nan
2824000,4.081,1.980,nan
2826000,4.081,1.980,nan
2828000,4.081,1.980,nan
2830000,4.081,1.980,nan
2832000,4.081,1.980,nan
2834000,4.081,1.980,nan
2836000,4.081,1.980,nan
2838000,4.081,1.980,nan
2840000,4.081,1.980,nan
2842000,4.081,1.980,nan
2844000,4.081,1.980,nan
2846000,4.081,1.980,nan
2848000,4.081,1.980,nan
2850000,4.081,1.980,nan
2852000,4.081,1.980,nan
2854000,4.081,1.980,nan
2856000,4.081,1.980,nan
2858000,4.081,1.980,nan
2860000,4.081,1.980,nan
2862000,4.081,1.980,nan
2864000,4.081,1.980,nan
2866000,4.081,1.980,nan
2868000,4.081,1.980,nan
2870000,4.081,1.980,nan
2872000,4.081,1.980,nan
2874000,4.081,1.980,nan
2876000,4.081,1.980,nan
2878000,4.081,1.980,nan
2880000,4.081,1.980,nan
2882000,4.081,1.980,nan
2884000,4.081,1.980,nan
2886000,4.081,1.980,nan
2888000,4.081,1.980,nan
2890000,4.081,1.980,nan
2892000,4.081,1.980,nan
2894000,4.081,1.980,nan
2896000,4.081,1.980,nan
2898000,4.081,1.980,nan
2900000,4.081,1.980,nan
2902000,4.081,1.980,nan
2904000,4.081,1.980,nan
2906000,4.081,1.980,nan
2908000,4.081,1.980,nan
2910000,4.081,1.980,nan
2912000,4.081,1.980,nan
2914000,4.081,1.980,nan
2916000,4.081,1.980,nan
2918000,4.081,1.980,nan
2920000,4.081,1.980,nan
2922000,4.081,1.980,nan
2924000,4.081,1.980,nan
2926000,4.081,1.980,nan
2928000,4.081,1.980,nan
2930000,4.081,1.980,nan
2932000,4.081,1.980,nan
2934000,4.081,1.980,nan
2936000,4.081,1.980,nan
2938000,4.081,1.980,nan
2940000,4.081,1.980,nan
2942000,4.081,1.980,nan
2944000,4.081,1.980,nan
2946000,4.081,1.980,nan
2948000,4.081,1.980,nan
2950000,4.081,1.980,nan
2952000,4.081,1.980,nan
2954000,4.081,1.980,nan
2956000,4.081,1.980,nan
2958000,4.081,1.980,nan
2960000,4.081,1.980,nan
2962000,4.081,1.980,nan
2964000,4.081,1.980,nan
2966000,4.081,1.980,nan
2968000,4.081,1.980,nan
2970000,4.081,1.980,nan
2972000,4.081,1.980,nan
2974000,4.081,1.980,nan
2976000,4.081,1.980,nan
2978000,4.081,1.980,nan
2980000,4.081,1.980,nan
2982000,4.081,1.980,nan
2984000,4.081,1.980,nan
2986000,4.081,1.980,nan
2988000,4.081,1.980,nan
2990000,4.081,1.980,nan
2992000,4.081,1.980,nan
2994000,4.081,1.980,nan
2996000,4.081,1.980,nan
2998000,4.081,1.980,nan
3000000,4.177,0.380,nan
3002000,4.177,0.380,nan
3004000,4.177,0.380,nan
3006000,4.177,0.380,nan
3008000,4.177,0.380,nan
3010000,4.177,0.380,nan
3012000,4.177,0.380,nan
3014000,4.177,0.380,nan
3016000,4.177,0.380,nan
3018000,4.177,0.380,nan
3020000,4.177,0.380,nan
3022000,4.177,0.380,nan
3024000,4.177,0.380,nan
3026000,4.177,0.380,nan
3028000,4.177,0.380,nan
3030000,4.177,0.380,nan
3032000,4.177,0.380,nan
3034000,4.177,0.380,nan
3036000,4.177,0.380,nan
3038000,4.177,0.380,nan
3040000,4.177,0.380,nan
3042000,4.177,0.380,nan
3044000,4.177,0.380,nan
3046000,4.177,0.380,nan
3048000,4.177,0.380,nan
3050000,4.177,0.380,nan
3052000,4.177,0.380,nan
3054000,4.177,0.380,nan
3056000,4.177,0.380,nan
3058000,4.177,0.380,nan
3060000,4.177,0.380,nan
3062000,4.177,0.380,nan
3064000,4.177,0.380,nan
3066000,4.177,0.380,nan
3068000,4.177,0.380,nan
3070000,4.177,0.380,nan
3072000,4.177,0.380,nan
3074000,4.177,0.380,nan
3076000,4.177,0.380,nan
3078000,4.177,0.380,nan
3080000,4.177,0.380,nan
3082000,4.177,0.380,nan
3084000,4.177,0.380,nan
3086000,4.177,0.380,nan
3088000,4.177,0.380,nan
3090000,4.177,0.380,nan
3092000,4.177,0.380,nan
3094000,4.177,0.380,nan
3096000,4.177,0.380,nan
3098000,4.177,0.380,nan
3100000,4.177,0.380,nan
3102000,4.177,0.380,nan
3104000,4.177,0.380,nan
3106000,4.177,0.380,nan
3108000,4.177,0.380,nan
3110000,4.177,0.380,nan
3112000,4.177,0.380,nan
3114000,4.177,0.380,nan
3116000,4.177,0.380,nan
3118000,4.177,0.380,nan
3120000,4.177,0.380,nan
3122000,4.177,0.380,nan
3124000,4.177,0.380,nan
3126000,4.177,0.380,nan
3128000,4.177,0.380,nan
3130000,4.177,0.380,nan
3132000,4.177,0.380,nan
3134000,4.177,0.380,nan
3136000,4.177,0.380,nan
3138000,4.177,0.380,nan
3140000,4.177,0.380,nan
3142000,4.177,0.380,nan
3144000,4.177,0.380,nan
3146000,4.177,0.380,nan
3148000,4.177,0.380,nan
3150000,4.177,0.380,nan
3152000,4.177,0.380,nan
3154000,4.177,0.380,nan
3156000,4.177,0.380,nan
3158000,4.177,0.380,nan
3160000,4.177,0.380,nan
3162000,4.177,0.380,nan
3164000,4.177,0.380,nan
3166000,4.177,0.380,nan
3168000,4.177,0.380,nan
3170000,4.177,0.380,nan
3172000,4.177,0.380,nan
3174000,4.177,0.380,nan
3176000,4.177,0.380,nan
3178000,4.177,0.380,nan
3180000,4.177,0.380,nan
3182000,4.177,0.380,nan
3184000,4.177,0.380,nan
3186000,4.177,0.380,nan
3188000,4.177,0.380,nan
3190000,4.177,0.380,nan
3192000,4.177,0.380,nan
3194000,4.177,0.380,nan
3196000,4.177,0.380,nan
3198000,4.177,0.380,nan
3200000,4.177,0.380,nan
3202000,4.177,0.380,nan
3204000,4.177,0.380,nan
3206000,4.177,0.380,nan
3208000,4.177,0.380,nan
3210000,4.177,0.380,nan
3212000,4.177,0.380,nan
3214000,4.177,0.380,nan
3216000,4.177,0.380,nan
3218000,4.177,0.380,nan
3220000,4.177,0.380,nan
3222000,4.177,0.380,nan
3224000,4.177,0.380,nan
3226000,4.177,0.380,nan
3228000,4.177,0.380,nan
3230000,4.177,0.380,nan
3232000,4.177,0.380,nan
3234000,4.177,0.380,nan
3236000,4.177,0.380,nan
3238000,4.177,0.380,nan
3240000,4.177,0.380,nan
3242000,4.177,0.380,nan
3244000,4.177,0.380,nan
3246000,4.177,0.380,nan
3248000,4.177,0.380,nan
3250000,4.177,0.380,nan
3252000,4.177,0.380,nan
3254000,4.177,0.380,nan
3256000,4.177,0.380,nan
3258000,4.177,0.380,nan
3260000,4.177,0.380,nan
3262000,4.177,0.380,nan
3264000,4.177,0.380,nan
3266000,4.177,0.380,nan
3268000,4.177,0.380,nan
3270000,4.177,0.380,nan
3272000,4.177,0.380,nan
3274000,4.177,0.380,nan
3276000,4.177,0.380,nan
3278000,4.177,0.380,nan
3280000,4.177,0.380,nan
3282000,4.177,0.380,nan
3284000,4.177,0.380,nan
3286000,4.177,0.380,nan
3288000,4.177,0.380,nan
3290000,4.177,0.380,nan
3292000,4.177,0.380,nan
3294000,4.177,0.380,nan
3296000,4.177,0.380,nan
3298000,4.177,0.380,nan
3300000,4.177,0.380,nan
3302000,4.177,0.380,nan
3304000,4.177,0.380,nan
3306000,4.177,0.380,nan
3308000,4.177,0.380,nan
3310000,4.177,0.380,nan
3312000,4.177,0.380,nan
3314000,4.177,0.380,nan
3316000,4.177,0.380,nan
3318000,4.177,0.380,nan
3320000,4.177,0.380,nan
3322000,4.177,0.380,nan
3324000,4.177,0.380,nan
3326000,4.177,0.380,nan
3328000,4.177,0.380,nan
3330000,4.177,0.380,nan
3332000,4.177,0.380,nan
3334000,4.177,0.380,nan
3336000,4.177,0.380,nan
3338000,4.177,0.380,nan
3340000,4.177,0.380,nan
3342000,4.177,0.380,nan
3344000,4.177,0.380,nan
3346000,4.177,0.380,nan
3348000,4.177,0.380,nan
3350000,4.177,0.380,nan
3352000,4.177,0.380,nan
3354000,4.177,0.380,nan
3356000,4.177,0.380,nan
3358000,4.177,0.380,nan
3360000,4.177,0.380,nan
3362000,4.177,0.380,nan
3364000,4.177,0.380,nan
3366000,4.177,0.380,nan
3368000,4.177,0.380,nan
3370000,4.177,0.380,nan
3372000,4.177,0.380,nan
3374000,4.177,0.380,nan
3376000,4.177,0.380,nan
3378000,4.177,0.380,nan
3380000,4.177,0.380,nan
3382000,4.177,0.380,nan
3384000,4.177,0.380,nan
3386000,4.177,0.380,nan
3388000,4.177,0.380,nan
3390000,4.177,0.380,nan
3392000,4.177,0.380,nan
3394000,4.177,0.380,nan
3396000,4.177,0.380,nan
3398000,4.177,0.380,nan
3400000,4.177,0.380,nan
3402000,4.177,0.380,nan
3404000,4.177,0.380,nan
3406000,4.177,0.380,nan
3408000,4.177,0.380,nan
3410000,4.177,0.380,nan
3412000,4.177,0.380,nan
3414000,4.177,0.380,nan
3416000,4.177,0.380,nan
3418000,4.177,0.380,nan
3420000,4.177,0.380,nan
3422000,4.177,0.380,nan
3424000,4.177,0.380,nan
3426000,4.177,0.380,nan
3428000,4.177,0.380,nan
3430000,4.177,0.380,nan
3432000,4.177,0.380,nan
3434000,4.177,0.380,nan
3436000,4.177,0.380,nan
3438000,4.177,0.380,nan
3440000,4.177,0.380,nan
3442000,4.177,0.380,nan
3444000,4.177,0.380,nan
3446000,4.177,0.380,nan
3448000,4.177,0.380,nan
3450000,4.177,0.380,nan
3452000,4.177,0.380,nan
3454000,4.177,0.380,nan
3456000,4.177,0.380,nan
3458000,4.177,0.380,nan
3460000,4.177,0.380,nan
3462000,4.177,0.380,nan
3464000,4.177,0.380,nan
3466000,4.177,0.380,nan
3468000,4.177,0.380,nan
3470000,4.177,0.380,nan
3472000,4.177,0.380,nan
3474000,4.177,0.380,nan
3476000,4.177,0.380,nan
3478000,4.177,0.380,nan
3480000,4.177,0.380,nan
3482000,4.177,0.380,nan
3484000,4.177,0.380,nan
3486000,4.177,0.380,nan
3488000,4.177,0.380,nan
3490000,4.177,0.380,nan
3492000,4.177,0.380,nan
3494000,4.177,0.380,nan
3496000,4.177,0.380,nan
3498000,4.177,0.380,nan
3500000,4.177,0.380,nan
3502000,4.176,0.401,nan
3504000,4.175,0.423,nan
3506000,4.173,0.444,nan
3508000,4.172,0.465,nan
3510000,4.171,0.487,nan
3512000,4.170,0.508,nan
3514000,4.168,0.529,nan
3516000,4.167,0.551,nan
3518000,4.166,0.572,nan
3520000,4.164,0.593,nan
3522000,4.163,0.615,nan
3524000,4.162,0.636,nan
3526000,4.161,0.657,nan
3528000,4.159,0.679,nan
3530000,4.158,0.700,nan
3532000,4.157,0.721,nan
3534000,4.155,0.743,nan
3536000,4.154,0.764,nan
3538000,4.153,0.785,nan
3540000,4.152,0.807,nan
3542000,4.150,0.828,nan
3544000,4.149,0.849,nan
3546000,4.148,0.871,nan
3548000,4.146,0.892,nan
3550000,4.145,0.913,nan
3552000,4.144,0.935,nan
3554000,4.143,0.956,nan
3556000,4.141,0.977,nan
3558000,4.140,0.999,nan
3560000,4.139,1.020,nan
3562000,4.138,1.041,nan
3564000,4.136,1.063,nan
3566000,4.135,1.084,nan
3568000,4.134,1.105,nan
3570000,4.132,1.127,nan
3572000,4.131,1.148,nan
3574000,4.130,1.169,nan
3576000,4.129,1.191,nan
3578000,4.127,1.212,nan
3580000,4.126,1.233,nan
3582000,4.125,1.255,nan
3584000,4.123,1.276,nan
3586000,4.122,1.297,nan
3588000,4.121,1.319,nan
3590000,4.120,1.340,nan
3592000,4.118,1.361,nan
3594000,4.117,1.383,nan
3596000,4.116,1.404,nan
3598000,4.114,1.425,nan
3600000,4.113,1.447,nan
3602000,4.112,1.468,nan
3604000,4.111,1.489,nan
3606000,4.109,1.511,nan
3608000,4.108,1.532,nan
3610000,4.107,1.553,nan
3612000,4.106,1.575,nan
3614000,4.104,1.596,nan
3616000,4.103,1.617,nan
3618000,4.102,1.639,nan
3620000,4.100,1.660,nan
3622000,4.099,1.681,nan
3624000,4.098,1.703,nan
3626000,4.097,1.724,nan
3628000,4.095,1.745,nan
3630000,4.094,1.767,nan
3632000,4.093,1.788,nan
3634000,4.091,1.809,nan
3636000,4.090,1.831,nan
3638000,4.089,1.852,nan
3640000,4.088,1.873,nan
3642000,4.086,1.895,nan
3644000,4.085,1.916,nan
3646000,4.084,1.937,nan
3648000,4.082,1.959,nan
3650000,4.081,1.980,nan
3652000,4.081,1.980,nan
3654000,4.081,1.980,nan
3656000,4.081,1.980,nan
3658000,4.081,1.980,nan
3660000,4.081,1.980,nan
3662000,4.081,1.980,nan
3664000,4.081,1.980,nan
3666000,4.081,1.980,nan
3668000,4.081,1.980,nan
3670000,4.081,1.980,nan
3672000,4.081,1.980,nan
3674000,4.081,1.980,nan
3676000,4.081,1.980,nan
3678000,4.081,1.980,nan
3680000,4.081,1.980,nan
3682000,4.081,1.980,nan
3684000,4.081,1.980,nan
3686000,4.081,1.980,nan
3688000,4.081,1.980,nan
3690000,4.081,1.980,nan
3692000,4.081,1.980,nan
3694000,4.081,1.980,nan
3696000,4.081,1.980,nan
3698000,4.081,1.980,nan
3700000,4.081,1.980,nan
3702000,4.081,1.980,nan
3704000,4.081,1.980,nan
3706000,4.081,1.980,nan
3708000,4.081,1.980,nan
3710000,4.081,1.980,nan
3712000,4.081,1.980,nan
3714000,4.081,1.980,nan
3716000,4.081,1.980,nan
3718000,4.081,1.980,nan
3720000,4.081,1.980,nan
3722000,4.081,1.980,nan
3724000,4.081,1.980,nan
3726000,4.081,1.980,nan
3728000,4.081,1.980,nan
3730000,4.081,1.980,nan
3732000,4.081,1.980,nan
3734000,4.081,1.980,nan
3736000,4.081,1.980,nan
3738000,4.081,1.980,nan
3740000,4.081,1.980,nan
3742000,4.081,1.980,nan
3744000,4.081,1.980,nan
3746000,4.081,1.980,nan
3748000,4.081,1.980,nan
3750000,4.081,1.980,nan
3752000,4.081,1.980,nan
3754000,4.081,1.980,nan
3756000,4.081,1.980,nan
3758000,4.081,1.980,nan
3760000,4.081,1.980,nan
3762000,4.081,1.980,nan
3764000,4.081,1.980,nan
3766000,4.081,1.980,nan
3768000,4.081,1.980,nan
3770000,4.081,1.980,nan
3772000,4.081,1.980,nan
3774000,4.081,1.980,nan
3776000,4.081,1.980,nan
3778000,4.081,1.980,nan
3780000,4.081,1.980,nan
3782000,4.081,1.980,nan
3784000,4.081,1.980,nan
3786000,4.081,1.980,nan
3788000,4.081,1.980,nan
3790000,4.081,1.980,nan
3792000,4.081,1.980,nan
3794000,4.081,1.980,nan
3796000,4.081,1.980,nan
3798000,4.081,1.980,nan
3800000,4.081,1.980,nan
3802000,4.081,1.980,nan
3804000,4.081,1.980,nan
3806000,4.081,1.980,nan
3808000,4.081,1.980,nan
3810000,4.081,1.980,nan
3812000,4.081,1.980,nan
3814000,4.081,1.980,nan
3816000,4.081,1.980,nan
3818000,4.081,1.980,nan
3820000,4.081,1.980,nan
3822000,4.081,1.980,nan
3824000,4.081,1.980,nan
3826000,4.081,1.980,nan
3828000,4.081,1.980,nan
3830000,4.081,1.980,nan
3832000,4.081,1.980,nan
3834000,4.081,1.980,nan
3836000,4.081,1.980,nan
3838000,4.081,1.980,nan
3840000,4.081,1.980,nan
3842000,4.081,1.980,nan
3844000,4.081,1.980,nan
3846000,4.081,1.980,nan
3848000,4.081,1.980,nan
3850000,4.081,1.980,nan
3852000,4.081,1.980,nan
3854000,4.081,1.980,nan
3856000,4.081,1.980,nan
3858000,4.081,1.980,nan
3860000,4.081,1.980,nan
3862000,4.081,1.980,nan
3864000,4.081,1.980,nan
3866000,4.081,1.980,nan
3868000,4.081,1.980,nan
3870000,4.081,1.980,nan
3872000,4.081,1.980,nan
3874000,4.081,1.980,nan
3876000,4.081,1.980,nan
3878000,4.081,1.980,nan
3880000,4.081,1.980,nan
3882000,4.081,1.980,nan
3884000,4.081,1.980,nan
3886000,4.081,1.980,nan
3888000,4.081,1.980,nan
3890000,4.081,1.980,nan
3892000,4.081,1.980,nan
3894000,4.081,1.980,nan
3896000,4.081,1.980,nan
3898000,4.081,1.980,nan
3900000,4.081,1.980,nan
3902000,4.081,1.980,nan
3904000,4.081,1.980,nan
3906000,4.081,1.980,nan
3908000,4.081,1.980,nan
3910000,4.081,1.980,nan
3912000,4.081,1.980,nan
3914000,4.081,1.980,nan
3916000,4.081,1.980,nan
3918000,4.081,1.980,nan
3920000,4.081,1.980,nan
3922000,4.081,1.980,nan
3924000,4.081,1.980,nan
3926000,4.081,1.980,nan
3928000,4.081,1.980,nan
3930000,4.081,1.980,nan
3932000,4.081,1.980,nan
3934000,4.081,1.980,nan
3936000,4.081,1.980,nan
3938000,4.081,1.980,nan
3940000,4.081,1.980,nan
3942000,4.081,1.980,nan
3944000,4.081,1.980,nan
3946000,4.081,1.980,nan
3948000,4.081,1.980,nan
3950000,4.081,1.980,nan
3952000,4.081,1.980,nan
3954000,4.081,1.980,nan
3956000,4.081,1.980,nan
3958000,4.081,1.980,nan
3960000,4.081,1.980,nan
3962000,4.081,1.980,nan
3964000,4.081,1.980,nan
3966000,4.081,1.980,nan
3968000,4.081,1.980,nan
3970000,4.081,1.980,nan
3972000,4.081,1.980,nan
3974000,4.081,1.980,nan
3976000,4.081,1.980,nan
3978000,4.081,1.980,nan
3980000,4.081,1.980,nan
3982000,4.081,1.980,nan
3984000,4.081,1.980,nan
3986000,4.081,1.980,nan
3988000,4.081,1.980,nan
3990000,4.081,1.980,nan
3992000,4.081,1.980,nan
3994000,4.081,1.980,nan
3996000,4.081,1.980,nan
3998000,4.081,1.980,nan
4000000,4.081,1.980,nan
4002000,4.081,1.980,nan
4004000,4.081,1.980,nan
4006000,4.081,1.980,nan
4008000,4.081,1.980,nan
4010000,4.081,1.980,nan
4012000,4.081,1.980,nan
4014000,4.081,1.980,nan
4016000,4.081,1.980,nan
4018000,4.081,1.980,nan
4020000,4.081,1.980,nan
4022000,4.081,1.980,nan
4024000,4.081,1.980,nan
4026000,4.081,1.980,nan
4028000,4.081,1.980,nan
4030000,4.081,1.980,nan
4032000,4.081,1.980,nan
4034000,4.081,1.980,nan
4036000,4.081,1.980,nan
4038000,4.081,1.980,nan
4040000,4.081,1.980,nan
4042000,4.081,1.980,nan
4044000,4.081,1.980,nan
4046000,4.081,1.980,nan
4048000,4.081,1.980,nan
4050000,4.081,1.980,nan
4052000,4.081,1.980,nan
4054000,4.081,1.980,nan
4056000,4.081,1.980,nan
4058000,4.081,1.980,nan
4060000,4.081,1.980,nan
4062000,4.081,1.980,nan
4064000,4.081,1.980,nan
4066000,4.081,1.980,nan
4068000,4.081,1.980,nan
4070000,4.081,1.980,nan
4072000,4.081,1.980,nan
4074000,4.081,1.980,nan
4076000,4.081,1.980,nan
4078000,4.081,1.980,nan
4080000,4.081,1.980,nan
4082000,4.081,1.980,nan
4084000,4.081,1.980,nan
4086000,4.081,1.980,nan
4088000,4.081,1.980,nan
4090000,4.081,1.980,nan
4092000,4.081,1.980,nan
4094000,4.081,1.980,nan
4096000,4.081,1.980,nan
4098000,4.081,1.980,nan
4100000,4.081,1.980,nan
4102000,4.081,1.980,nan
4104000,4.081,1.980,nan
4106000,4.081,1.980,nan
4108000,4.081,1.980,nan
4110000,4.081,1.980,nan
4112000,4.081,1.980,nan
4114000,4.081,1.980,nan
4116000,4.081,1.980,nan
4118000,4.081,1.980,nan
4120000,4.081,1.980,nan
4122000,4.081,1.980,nan
4124000,4.081,1.980,nan
4126000,4.081,1.980,nan
4128000,4.081,1.980,nan
4130000,4.081,1.980,nan
4132000,4.081,1.980,nan
4134000,4.081,1.980,nan
4136000,4.081,1.980,nan
4138000,4.081,1.980,nan
4140000,4.081,1.980,nan
4142000,4.081,1.980,nan
4144000,4.081,1.980,nan
4146000,4.081,1.980,nan
4148000,4.081,1.980,nan
4150000,4.081,1.980,nan
4152000,4.081,1.980,nan
4154000,4.081,1.980,nan
4156000,4.081,1.980,nan
4158000,4.081,1.980,nan
4160000,4.081,1.980,nan
4162000,4.081,1.980,nan
4164000,4.081,1.980,nan
4166000,4.081,1.980,nan
4168000,4.081,1.980,nan
4170000,4.081,1.980,nan
4172000,4.081,1.980,nan
4174000,4.081,1.980,nan
4176000,4.081,1.980,nan
4178000,4.081,1.980,nan
4180000,4.081,1.980,nan
4182000,4.081,1.980,nan
4184000,4.081,1.980,nan
4186000,4.081,1.980,nan
4188000,4.081,1.980,nan
4190000,4.081,1.980,nan
4192000,4.081,1.980,nan
4194000,4.081,1.980,nan
4196000,4.081,1.980,nan
4198000,4.081,1.980,nan
4200000,4.081,1.980,nan
4202000,4.081,1.980,nan
4204000,4.081,1.980,nan
4206000,4.081,1.980,nan
4208000,4.081,1.980,nan
4210000,4.081,1.980,nan
4212000,4.081,1.980,nan
4214000,4.081,1.980,nan
4216000,4.081,1.980,nan
4218000,4.081,1.980,nan
4220000,4.081,1.980,nan
4222000,4.081,1.980,nan
4224000,4.081,1.980,nan
4226000,4.081,1.980,nan
4228000,4.081,1.980,nan
4230000,4.081,1.980,nan
4232000,4.081,1.980,nan
4234000,4.081,1.980,nan
4236000,4.081,1.980,nan
4238000,4.081,1.980,nan
4240000,4.081,1.980,nan
4242000,4.081,1.980,nan
4244000,4.081,1.980,nan
4246000,4.081,1.980,nan
4248000,4.081,1.980,nan
4250000,4.081,1.980,nan
4252000,4.081,1.980,nan
4254000,4.081,1.980,nan
4256000,4.081,1.980,nan
4258000,4.081,1.980,nan
4260000,4.081,1.980,nan
4262000,4.081,1.980,nan
4264000,4.081,1.980,nan
4266000,4.081,1.980,nan
4268000,4.081,1.980,nan
4270000,4.081,1.980,nan
4272000,4.081,1.980,nan
4274000,4.081,1.980,nan
4276000,4.081,1.980,nan
4278000,4.081,1.980,nan
4280000,4.081,1.980,nan
4282000,4.081,1.980,nan
4284000,4.081,1.980,nan
4286000,4.081,1.980,nan
4288000,4.081,1.980,nan
4290000,4.081,1.980,nan
4292000,4.081,1.980,nan
4294000,4.081,1.980,nan
4296000,4.081,1.980,nan
4298000,4.081,1.980,nan
4300000,4.081,1.980,nan
4302000,4.081,1.980,nan
4304000,4.081,1.980,nan
4306000,4.081,1.980,nan
4308000,4.081,1.980,nan
4310000,4.081,1.980,nan
4312000,4.081,1.980,nan
4314000,4.081,1.980,nan
4316000,4.081,1.980,nan
4318000,4.081,1.980,nan
4320000,4.081,1.980,nan
4322000,4.081,1.980,nan
4324000,4.081,1.980,nan
4326000,4.081,1.980,nan
4328000,4.081,1.980,nan
4330000,4.081,1.980,nan
4332000,4.081,1.980,nan
4334000,4.081,1.980,nan
4336000,4.081,1.980,nan
4338000,4.081,1.980,nan
4340000,4.081,1.980,nan
4342000,4.081,1.980,nan
4344000,4.081,1.980,nan
4346000,4.081,1.980,nan
4348000,4.081,1.980,nan
4350000,4.081,1.980,nan
4352000,4.081,1.980,nan
4354000,4.081,1.980,nan
4356000,4.081,1.980,nan
4358000,4.081,1.980,nan
4360000,4.081,1.980,nan
4362000,4.081,1.980,nan
4364000,4.081,1.980,nan
4366000,4.081,1.980,nan
4368000,4.081,1.980,nan
4370000,4.081,1.980,nan
4372000,4.081,1.980,nan
4374000,4.081,1.980,nan
4376000,4.081,1.980,nan
4378000,4.081,1.980,nan
4380000,4.081,1.980,nan
4382000,4.081,1.980,nan
4384000,4.081,1.980,nan
4386000,4.081,1.980,nan
4388000,4.081,1.980,nan
4390000,4.081,1.980,nan
4392000,4.081,1.980,nan
4394000,4.081,1.980,nan
4396000,4.081,1.980,nan
4398000,4.081,1.980,nan
4400000,4.081,1.980,nan
4402000,4.081,1.980,nan
4404000,4.081,1.980,nan
4406000,4.081,1.980,nan
4408000,4.081,1.980,nan
4410000,4.081,1.980,nan
4412000,4.081,1.980,nan
4414000,4.081,1.980,nan
4416000,4.081,1.980,nan
4418000,4.081,1.980,nan
4420000,4.081,1.980,nan
4422000,4.081,1.980,nan
4424000,4.081,1.980,nan
4426000,4.081,1.980,nan
4428000,4.081,1.980,nan
4430000,4.081,1.980,nan
4432000,4.081,1.980,nan
4434000,4.081,1.980,nan
4436000,4.081,1.980,nan
4438000,4.081,1.980,nan
4440000,4.081,1.980,nan
4442000,4.081,1.980,nan
4444000,4.081,1.980,nan
4446000,4.081,1.980,nan
4448000,4.081,1.980,nan
4450000,4.081,1.980,nan
4452000,4.081,1.980,nan
4454000,4.081,1.980,nan
4456000,4.081,1.980,nan
4458000,4.081,1.980,nan
4460000,4.081,1.980,nan
4462000,4.081,1.980,nan
4464000,4.081,1.980,nan
4466000,4.081,1.980,nan
4468000,4.081,1.980,nan
4470000,4.081,1.980,nan
4472000,4.081,1.980,nan
4474000,4.081,1.980,nan
4476000,4.081,1.980,nan
4478000,4.081,1.980,nan
4480000,4.081,1.980,nan
4482000,4.081,1.980,nan
4484000,4.081,1.980,nan
4486000,4.081,1.980,nan
4488000,4.081,1.980,nan
4490000,4.081,1.980,nan
4492000,4.081,1.980,nan
4494000,4.081,1.980,nan
4496000,4.081,1.980,nan
4498000,4.081,1.980,nan
4500000,4.081,1.980,nan
4502000,4.081,1.980,nan
4504000,4.081,1.980,nan
4506000,4.081,1.980,nan
4508000,4.081,1.980,nan
4510000,4.081,1.980,nan
4512000,4.081,1.980,nan
4514000,4.081,1.980,nan
4516000,4.081,1.980,nan
4518000,4.081,1.980,nan
4520000,4.081,1.980,nan
4522000,4.081,1.980,nan
4524000,4.081,1.980,nan
4526000,4.081,1.980,nan
4528000,4.081,1.980,nan
4530000,4.081,1.980,nan
4532000,4.081,1.980,nan
4534000,4.081,1.980,nan
4536000,4.081,1.980,nan
4538000,4.081,1.980,nan
4540000,4.081,1.980,nan
4542000,4.081,1.980,nan
4544000,4.081,1.980,nan
4546000,4.081,1.980,nan
4548000,4.081,1.980,nan
4550000,4.081,1.980,nan
4552000,4.081,1.980,nan
4554000,4.081,1.980,nan
4556000,4.081,1.980,nan
4558000,4.081,1.980,nan
4560000,4.081,1.980,nan
4562000,4.081,1.980,nan
4564000,4.081,1.980,nan
4566000,4.081,1.980,nan
4568000,4.081,1.980,nan
4570000,4.081,1.980,nan
4572000,4.081,1.980,nan
4574000,4.081,1.980,nan
4576000,4.081,1.980,nan
4578000,4.081,1.980,nan
4580000,4.081,1.980,nan
4582000,4.081,1.980,nan
4584000,4.081,1.980,nan
4586000,4.081,1.980,nan
4588000,4.081,1.980,nan
4590000,4.081,1.980,nan
4592000,4.081,1.980,nan
4594000,4.081,1.980,nan
4596000,4.081,1.980,nan
4598000,4.081,1.980,nan
4600000,4.081,1.980,nan
4602000,4.081,1.980,nan
4604000,4.081,1.980,nan
4606000,4.081,1.980,nan
4608000,4.081,1.980,nan
4610000,4.081,1.980,nan
4612000,4.081,1.980,nan
4614000,4.081,1.980,nan
4616000,4.081,1.980,nan
4618000,4.081,1.980,nan
4620000,4.081,1.980,nan
4622000,4.081,1.980,nan
4624000,4.081,1.980,nan
4626000,4.081,1.980,nan
4628000,4.081,1.980,nan
4630000,4.081,1.980,nan
4632000,4.081,1.980,nan
4634000,4.081,1.980,nan
4636000,4.081,1.980,nan
4638000,4.081,1.980,nan
4640000,4.081,1.980,nan
4642000,4.081,1.980,nan
4644000,4.081,1.980,nan
4646000,4.081,1.980,nan
4648000,4.081,1.980,nan
4650000,4.081,1.980,nan
4652000,4.081,1.980,nan
4654000,4.081,1.980,nan
4656000,4.081,1.980,nan
4658000,4.081,1.980,nan
4660000,4.081,1.980,nan
4662000,4.081,1.980,nan
4664000,4.081,1.980,nan
4666000,4.081,1.980,nan
4668000,4.081,1.980,nan
4670000,4.081,1.980,nan
4672000,4.081,1.980,nan
4674000,4.081,1.980,nan
4676000,4.081,1.980,nan
4678000,4.081,1.980,nan
4680000,4.081,1.980,nan
4682000,4.081,1.980,nan
4684000,4.081,1.980,nan
4686000,4.081,1.980,nan
4688000,4.081,1.980,nan
4690000,4.081,1.980,nan
4692000,4.081,1.980,nan
4694000,4.081,1.980,nan
4696000,4.081,1.980,nan
4698000,4.081,1.980,nan
4700000,4.081,1.980,nan
4702000,4.081,1.980,nan
4704000,4.081,1.980,nan
4706000,4.081,1.980,nan
4708000,4.081,1.980,nan
4710000,4.081,1.980,nan
4712000,4.081,1.980,nan
4714000,4.081,1.980,nan
4716000,4.081,1.980,nan
4718000,4.081,1.980,nan
4720000,4.081,1.980,nan
4722000,4.081,1.980,nan
4724000,4.081,1.980,nan
4726000,4.081,1.980,nan
4728000,4.081,1.980,nan
4730000,4.081,1.980,nan
4732000,4.081,1.980,nan
4734000,4.081,1.980,nan
4736000,4.081,1.980,nan
4738000,4.081,1.980,nan
4740000,4.081,1.980,nan
4742000,4.081,1.980,nan
4744000,4.081,1.980,nan
4746000,4.081,1.980,nan
4748000,4.081,1.980,nan
4750000,4.081,1.980,nan
4752000,4.081,1.980,nan
4754000,4.081,1.980,nan
4756000,4.081,1.980,nan
4758000,4.081,1.980,nan
4760000,4.081,1.980,nan
4762000,4.081,1.980,nan
4764000,4.081,1.980,nan
4766000,4.081,1.980,nan
4768000,4.081,1.980,nan
4770000,4.081,1.980,nan
4772000,4.081,1.980,nan
4774000,4.081,1.980,nan
4776000,4.081,1.980,nan
4778000,4.081,1.980,nan
4780000,4.081,1.980,nan
4782000,4.081,1.980,nan
4784000,4.081,1.980,nan
4786000,4.081,1.980,nan
4788000,4.081,1.980,nan
4790000,4.081,1.980,nan
4792000,4.081,1.980,nan
4794000,4.081,1.980,nan
4796000,4.081,1.980,nan
4798000,4.081,1.980,nan
4800000,4.081,1.980,nan
4802000,4.081,1.980,nan
4804000,4.081,1.980,nan
4806000,4.081,1.980,nan
4808000,4.081,1.980,nan
4810000,4.081,1.980,nan
4812000,4.081,1.980,nan
4814000,4.081,1.980,nan
4816000,4.081,1.980,nan
4818000,4.081,1.980,nan
4820000,4.081,1.980,nan
4822000,4.081,1.980,nan
4824000,4.081,1.980,nan
4826000,4.081,1.980,nan
4828000,4.081,1.980,nan
4830000,4.081,1.980,nan
4832000,4.081,1.980,nan
4834000,4.081,1.980,nan
4836000,4.081,1.980,nan
4838000,4.081,1.980,nan
4840000,4.081,1.980,nan
4842000,4.081,1.980,nan
4844000,4.081,1.980,nan
4846000,4.081,1.980,nan
4848000,4.081,1.980,nan
4850000,4.081,1.980,nan
4852000,4.081,1.980,nan
4854000,4.081,1.980,nan
4856000,4.081,1.980,nan
4858000,4.081,1.980,nan
4860000,4.081,1.980,nan
4862000,4.081,1.980,nan
4864000,4.081,1.980,nan
4866000,4.081,1.980,nan
4868000,4.081,1.980,nan
4870000,4.081,1.980,nan
4872000,4.081,1.980,nan
4874000,4.081,1.980,nan
4876000,4.081,1.980,nan
4878000,4.081,1.980,nan
4880000,4.081,1.980,nan
4882000,4.081,1.980,nan
4884000,4.081,1.980,nan
4886000,4.081,1.980,nan
4888000,4.081,1.980,nan
4890000,4.081,1.980,nan
4892000,4.081,1.980,nan
4894000,4.081,1.980,nan
4896000,4.081,1.980,nan
4898000,4.081,1.980,nan
4900000,4.081,1.980,nan
4902000,4.081,1.980,nan
4904000,4.081,1.980,nan
4906000,4.081,1.980,nan
4908000,4.081,1.980,nan
4910000,4.081,1.980,nan
4912000,4.081,1.980,nan
4914000,4.081,1.980,nan
4916000,4.081,1.980,nan
4918000,4.081,1.980,nan
4920000,4.081,1.980,nan
4922000,4.081,1.980,nan
4924000,4.081,1.980,nan
4926000,4.081,1.980,nan
4928000,4.081,1.980,nan
4930000,4.081,1.980,nan
4932000,4.081,1.980,nan
4934000,4.081,1.980,nan
4936000,4.081,1.980,nan
4938000,4.081,1.980,nan
4940000,4.081,1.980,nan
4942000,4.081,1.980,nan
4944000,4.081,1.980,nan
4946000,4.081,1.980,nan
4948000,4.081,1.980,nan
4950000,4.081,1.980,nan
4952000,4.081,1.980,nan
4954000,4.081,1.980,nan
4956000,4.081,1.980,nan
4958000,4.081,1.980,nan
4960000,4.081,1.980,nan
4962000,4.081,1.980,nan
4964000,4.081,1.980,nan
4966000,4.081,1.980,nan
4968000,4.081,1.980,nan
4970000,4.081,1.980,nan
4972000,4.081,1.980,nan
4974000,4.081,1.980,nan
4976000,4.081,1.980,nan
4978000,4.081,1.980,nan
4980000,4.081,1.980,nan
4982000,4.081,1.980,nan
4984000,4.081,1.980,nan
4986000,4.081,1.980,nan
4988000,4.081,1.980,nan
4990000,4.081,1.980,nan
4992000,4.081,1.980,nan
4994000,4.081,1.980,nan
4996000,4.081,1.980,nan
4998000,4.081,1.980,nan
5000000,4.081,1.980,nan
5002000,4.081,1.980,nan
5004000,4.081,1.980,nan
5006000,4.081,1.980,nan
5008000,4.081,1.980,nan
5010000,4.081,1.980,nan
5012000,4.081,1.980,nan
5014000,4.081,1.980,nan
5016000,4.081,1.980,nan
5018000,4.081,1.980,nan
5020000,4.081,1.980,nan
5022000,4.081,1.980,nan
5024000,4.081,1.980,nan
5026000,4.081,1.980,nan
5028000,4.081,1.980,nan
5030000,4.081,1.980,nan
5032000,4.081,1.980,nan
5034000,4.081,1.980,nan
5036000,4.081,1.980,nan
5038000,4.081,1.980,nan
5040000,4.081,1.980,nan
5042000,4.081,1.980,nan
5044000,4.081,1.980,nan
5046000,4.081,1.980,nan
5048000,4.081,1.980,nan
5050000,4.081,1.980,nan
5052000,4.081,1.980,nan
5054000,4.081,1.980,nan
5056000,4.081,1.980,nan
5058000,4.081,1.980,nan
5060000,4.081,1.980,nan
5062000,4.081,1.980,nan
5064000,4.081,1.980,nan
5066000,4.081,1.980,nan
5068000,4.081,1.980,nan
5070000,4.081,1.980,nan
5072000,4.081,1.980,nan
5074000,4.081,1.980,nan
5076000,4.081,1.980,nan
5078000,4.081,1.980,nan
5080000,4.081,1.980,nan
5082000,4.081,1.980,nan
5084000,4.081,1.980,nan
5086000,4.081,1.980,nan
5088000,4.081,1.980,nan
5090000,4.081,1.980,nan
5092000,4.081,1.980,nan
5094000,4.081,1.980,nan
5096000,4.081,1.980,nan
5098000,4.081,1.980,nan
5100000,4.081,1.980,nan
5102000,4.081,1.980,nan
5104000,4.081,1.980,nan
5106000,4.081,1.980,nan
5108000,4.081,1.980,nan
5110000,4.081,1.980,nan
5112000,4.081,1.980,nan
5114000,4.081,1.980,nan
5116000,4.081,1.980,nan
5118000,4.081,1.980,nan
5120000,4.081,1.980,nan
5122000,4.081,1.980,nan
5124000,4.081,1.980,nan
5126000,4.081,1.980,nan
5128000,4.081,1.980,nan
5130000,4.081,1.980,nan
5132000,4.081,1.980,nan
5134000,4.081,1.980,nan
5136000,4.081,1.980,nan
5138000,4.081,1.980,nan
5140000,4.081,1.980,nan
5142000,4.081,1.980,nan
5144000,4.081,1.980,nan
5146000,4.081,1.980,nan
5148000,4.081,1.980,nan
5150000,4.081,1.980,nan
5152000,4.081,1.980,nan
5154000,4.081,1.980,nan
5156000,4.081,1.980,nan
5158000,4.081,1.980,nan
5160000,4.081,1.980,nan
5162000,4.081,1.980,nan
5164000,4.081,1.980,nan
5166000,4.081,1.980,nan
5168000,4.081,1.980,nan
5170000,4.081,1.980,nan
5172000,4.081,1.980,nan
5174000,4.081,1.980,nan
5176000,4.081,1.980,nan
5178000,4.081,1.980,nan
5180000,4.081,1.980,nan
5182000,4.081,1.980,nan
5184000,4.081,1.980,nan
5186000,4.081,1.980,nan
5188000,4.081,1.980,nan
5190000,4.081,1.980,nan
5192000,4.081,1.980,nan
5194000,4.081,1.980,nan
5196000,4.081,1.980,nan
5198000,4.081,1.980,nan
5200000,4.081,1.980,nan
5202000,4.081,1.980,nan
5204000,4.081,1.980,nan
5206000,4.081,1.980,nan
5208000,4.081,1.980,nan
5210000,4.081,1.980,nan
5212000,4.081,1.980,nan
5214000,4.081,1.980,nan
5216000,4.081,1.980,nan
5218000,4.081,1.980,nan
5220000,4.081,1.980,nan
5222000,4.081,1.980,nan
5224000,4.081,1.980,nan
5226000,4.081,1.980,nan
5228000,4.081,1.980,nan
5230000,4.081,1.980,nan
5232000,4.081,1.980,nan
5234000,4.081,1.980,nan
5236000,4.081,1.980,nan
5238000,4.081,1.980,nan
5240000,4.081,1.980,nan
5242000,4.081,1.980,nan
5244000,4.081,1.980,nan
5246000,4.081,1.980,nan
5248000,4.081,1.980,nan
5250000,4.081,1.980,nan
5252000,4.081,1.980,nan
5254000,4.081,1.980,nan
5256000,4.081,1.980,nan
5258000,4.081,1.980,nan
5260000,4.081,1.980,nan
5262000,4.081,1.980,nan
5264000,4.081,1.980,nan
5266000,4.081,1.980,nan
5268000,4.081,1.980,nan
5270000,4.081,1.980,nan
5272000,4.081,1.980,nan
5274000,4.081,1.980,nan
5276000,4.081,1.980,nan
5278000,4.081,1.980,nan
5280000,4.081,1.980,nan
5282000,4.081,1.980,nan
5284000,4.081,1.980,nan
5286000,4.081,1.980,nan
5288000,4.081,1.980,nan
5290000,4.081,1.980,nan
5292000,4.081,1.980,nan
5294000,4.081,1.980,nan
5296000,4.081,1.980,nan
5298000,4.081,1.980,nan
5300000,4.081,1.980,nan
5302000,4.081,1.980,nan
5304000,4.081,1.980,nan
5306000,4.081,1.980,nan
5308000,4.081,1.980,nan
5310000,4.081,1.980,nan
5312000,4.081,1.980,nan
5314000,4.081,1.980,nan
5316000,4.081,1.980,nan
5318000,4.081,1.980,nan
5320000,4.081,1.980,nan
5322000,4.081,1.980,nan
5324000,4.081,1.980,nan
5326000,4.081,1.980,nan
5328000,4.081,1.980,nan
5330000,4.081,1.980,nan
5332000,4.081,1.980,nan
5334000,4.081,1.980,nan
5336000,4.081,1.980,nan
5338000,4.081,1.980,nan
5340000,4.081,1.980,nan
5342000,4.081,1.980,nan
5344000,4.081,1.980,nan
5346000,4.081,1.980,nan
5348000,4.081,1.980,nan
5350000,4.081,1.980,nan
5352000,4.081,1.980,nan
5354000,4.081,1.980,nan
5356000,4.081,1.980,nan
5358000,4.081,1.980,nan
5360000,4.081,1.980,nan
5362000,4.081,1.980,nan
5364000,4.081,1.980,nan
5366000,4.081,1.980,nan
5368000,4.081,1.980,nan
5370000,4.081,1.980,nan
5372000,4.081,1.980,nan
5374000,4.081,1.980,nan
5376000,4.081,1.980,nan
5378000,4.081,1.980,nan
5380000,4.081,1.980,nan
5382000,4.081,1.980,nan
5384000,4.081,1.980,nan
5386000,4.081,1.980,nan
5388000,4.081,1.980,nan
5390000,4.081,1.980,nan
5392000,4.081,1.980,nan
5394000,4.081,1.980,nan
5396000,4.081,1.980,nan
5398000,4.081,1.980,nan
5400000,4.081,1.980,nan
5402000,4.081,1.980,nan
5404000,4.081,1.980,nan
5406000,4.081,1.980,nan
5408000,4.081,1.980,nan
5410000,4.081,1.980,nan
5412000,4.081,1.980,nan
5414000,4.081,1.980,nan
5416000,4.081,1.980,nan
5418000,4.081,1.980,nan
5420000,4.081,1.980,nan
5422000,4.081,1.980,nan
5424000,4.081,1.980,nan
5426000,4.081,1.980,nan
5428000,4.081,1.980,nan
5430000,4.081,1.980,nan
5432000,4.081,1.980,nan
5434000,4.081,1.980,nan
5436000,4.081,1.980,nan
5438000,4.081,1.980,nan
5440000,4.081,1.980,nan
5442000,4.081,1.980,nan
5444000,4.081,1.980,nan
5446000,4.081,1.980,nan
5448000,4.081,1.980,nan
5450000,4.081,1.980,nan
5452000,4.081,1.980,nan
5454000,4.081,1.980,nan
5456000,4.081,1.980,nan
5458000,4.081,1.980,nan
5460000,4.081,1.980,nan
5462000,4.081,1.980,nan
5464000,4.081,1.980,nan
5466000,4.081,1.980,nan
5468000,4.081,1.980,nan
5470000,4.081,1.980,nan
5472000,4.081,1.980,nan
5474000,4.081,1.980,nan
5476000,4.081,1.980,nan
5478000,4.081,1.980,nan
5480000,4.081,1.980,nan
5482000,4.081,1.980,nan
5484000,4.081,1.980,nan
5486000,4.081,1.980,nan
5488000,4.081,1.980,nan
5490000,4.081,1.980,nan
5492000,4.081,1.980,nan
5494000,4.081,1.980,nan
5496000,4.081,1.980,nan
5498000,4.081,1.980,nan
5500000,4.177,0.380,nan
5502000,4.177,0.380,nan
5504000,4.177,0.380,nan
5506000,4.177,0.380,nan
5508000,4.177,0.380,nan
5510000,4.177,0.380,nan
5512000,4.177,0.380,nan
5514000,4.177,0.380,nan
5516000,4.177,0.380,nan
5518000,4.177,0.380,nan
5520000,4.177,0.380,nan
5522000,4.177,0.380,nan
5524000,4.177,0.380,nan
5526000,4.177,0.380,nan
5528000,4.177,0.380,nan
5530000,4.177,0.380,nan
5532000,4.177,0.380,nan
5534000,4.177,0.380,nan
5536000,4.177,0.380,nan
5538000,4.177,0.380,nan
5540000,4.177,0.380,nan
5542000,4.177,0.380,nan
5544000,4.177,0.380,nan
5546000,4.177,0.380,nan
5548000,4.177,0.380,nan
5550000,4.177,0.380,nan
5552000,4.177,0.380,nan
5554000,4.177,0.380,nan
5556000,4.177,0.380,nan
5558000,4.177,0.380,nan
5560000,4.177,0.380,nan
5562000,4.177,0.380,nan
5564000,4.177,0.380,nan
5566000,4.177,0.380,nan
5568000,4.177,0.380,nan
5570000,4.177,0.380,nan
5572000,4.177,0.380,nan
5574000,4.177,0.380,nan
5576000,4.177,0.380,nan
5578000,4.177,0.380,nan
5580000,4.177,0.380,nan
5582000,4.177,0.380,nan
5584000,4.177,0.380,nan
5586000,4.177,0.380,nan
5588000,4.177,0.380,nan
5590000,4.177,0.380,nan
5592000,4.177,0.380,nan
5594000,4.177,0.380,nan
5596000,4.177,0.380,nan
5598000,4.177,0.380,nan
5600000,4.177,0.380,nan
5602000,4.177,0.380,nan
5604000,4.177,0.380,nan
5606000,4.177,0.380,nan
5608000,4.177,0.380,nan
5610000,4.177,0.380,nan
5612000,4.177,0.380,nan
5614000,4.177,0.380,nan
5616000,4.177,0.380,nan
5618000,4.177,0.380,nan
5620000,4.177,0.380,nan
5622000,4.177,0.380,nan
5624000,4.177,0.380,nan
5626000,4.177,0.380,nan
5628000,4.177,0.380,nan
5630000,4.177,0.380,nan
5632000,4.177,0.380,nan
5634000,4.177,0.380,nan
5636000,4.177,0.380,nan
5638000,4.177,0.380,nan
5640000,4.177,0.380,nan
5642000,4.177,0.380,nan
5644000,4.177,0.380,nan
5646000,4.177,0.380,nan
5648000,4.177,0.380,nan
5650000,4.177,0.380,nan
5652000,4.177,0.380,nan
5654000,4.177,0.380,nan
5656000,4.177,0.380,nan
5658000,4.177,0.380,nan
5660000,4.177,0.380,nan
5662000,4.177,0.380,nan
5664000,4.177,0.380,nan
5666000,4.177,0.380,nan
5668000,4.177,0.380,nan
5670000,4.177,0.380,nan
5672000,4.177,0.380,nan
5674000,4.177,0.380,nan
5676000,4.177,0.380,nan
5678000,4.177,0.380,nan
5680000,4.177,0.380,nan
5682000,4.177,0.380,nan
5684000,4.177,0.380,nan
5686000,4.177,0.380,nan
5688000,4.177,0.380,nan
5690000,4.177,0.380,nan
5692000,4.177,0.380,nan
5694000,4.177,0.380,nan
5696000,4.177,0.380,nan
5698000,4.177,0.380,nan
5700000,4.177,0.380,nan
5702000,4.177,0.380,nan
5704000,4.177,0.380,nan
5706000,4.177,0.380,nan
5708000,4.177,0.380,nan
5710000,4.177,0.380,nan
5712000,4.177,0.380,nan
5714000,4.177,0.380,nan
5716000,4.177,0.380,nan
5718000,4.177,0.380,nan
5720000,4.177,0.380,nan
5722000,4.177,0.380,nan
5724000,4.177,0.380,nan
5726000,4.177,0.380,nan
5728000,4.177,0.380,nan
5730000,4.177,0.380,nan
5732000,4.177,0.380,nan
5734000,4.177,0.380,nan
5736000,4.177,0.380,nan
5738000,4.177,0.380,nan
5740000,4.177,0.380,nan
5742000,4.177,0.380,nan
5744000,4.177,0.380,nan
5746000,4.177,0.380,nan
5748000,4.177,0.380,nan
5750000,4.177,0.380,nan
5752000,4.177,0.380,nan
5754000,4.177,0.380,nan
5756000,4.177,0.380,nan
5758000,4.177,0.380,nan
5760000,4.177,0.380,nan
5762000,4.177,0.380,nan
5764000,4.177,0.380,nan
5766000,4.177,0.380,nan
5768000,4.177,0.380,nan
5770000,4.177,0.380,nan
5772000,4.177,0.380,nan
5774000,4.177,0.380,nan
5776000,4.177,0.380,nan
5778000,4.177,0.380,nan
5780000,4.177,0.380,nan
5782000,4.177,0.380,nan
5784000,4.177,0.380,nan
5786000,4.177,0.380,nan
5788000,4.177,0.380,nan
5790000,4.177,0.380,nan
5792000,4.177,0.380,nan
5794000,4.177,0.380,nan
5796000,4.177,0.380,nan
5798000,4.177,0.380,nan
5800000,4.177,0.380,nan
5802000,4.177,0.380,nan
5804000,4.177,0.380,nan
5806000,4.177,0.380,nan
5808000,4.177,0.380,nan
5810000,4.177,0.380,nan
5812000,4.177,0.380,nan
5814000,4.177,0.380,nan
5816000,4.177,0.380,nan
5818000,4.177,0.380,nan
5820000,4.177,0.380,nan
5822000,4.177,0.380,nan
5824000,4.177,0.380,nan
5826000,4.177,0.380,nan
5828000,4.177,0.380,nan
5830000,4.177,0.380,nan
5832000,4.177,0.380,nan
5834000,4.177,0.380,nan
5836000,4.177,0.380,nan
5838000,4.177,0.380,nan
5840000,4.177,0.380,nan
5842000,4.177,0.380,nan
5844000,4.177,0.380,nan
5846000,4.177,0.380,nan
5848000,4.177,0.380,nan
5850000,4.177,0.380,nan
5852000,4.177,0.380,nan
5854000,4.177,0.380,nan
5856000,4.177,0.380,nan
5858000,4.177,0.380,nan
5860000,4.177,0.380,nan
5862000,4.177,0.380,nan
5864000,4.177,0.380,nan
5866000,4.177,0.380,nan
5868000,4.177,0.380,nan
5870000,4.177,0.380,nan
5872000,4.177,0.380,nan
5874000,4.177,0.380,nan
5876000,4.177,0.380,nan
5878000,4.177,0.380,nan
5880000,4.177,0.380,nan
5882000,4.177,0.380,nan
5884000,4.177,0.380,nan
5886000,4.177,0.380,nan
5888000,4.177,0.380,nan
5890000,4.177,0.380,nan
5892000,4.177,0.380,nan
5894000,4.177,0.380,nan
5896000,4.177,0.380,nan
5898000,4.177,0.380,nan
5900000,4.177,0.380,nan
5902000,4.177,0.380,nan
5904000,4.177,0.380,nan
5906000,4.177,0.380,nan
5908000,4.177,0.380,nan
5910000,4.177,0.380,nan
5912000,4.177,0.380,nan
5914000,4.177,0.380,nan
5916000,4.177,0.380,nan
5918000,4.177,0.380,nan
5920000,4.177,0.380,nan
5922000,4.177,0.380,nan
5924000,4.177,0.380,nan
5926000,4.177,0.380,nan
5928000,4.177,0.380,nan
5930000,4.177,0.380,nan
5932000,4.177,0.380,nan
5934000,4.177,0.380,nan
5936000,4.177,0.380,nan
5938000,4.177,0.380,nan
5940000,4.177,0.380,nan
5942000,4.177,0.380,nan
5944000,4.177,0.380,nan
5946000,4.177,0.380,nan
5948000,4.177,0.380,nan
5950000,4.177,0.380,nan
5952000,4.177,0.380,nan
5954000,4.177,0.380,nan
5956000,4.177,0.380,nan
5958000,4.177,0.380,nan
5960000,4.177,0.380,nan
5962000,4.177,0.380,nan
5964000,4.177,0.380,nan
5966000,4.177,0.380,nan
5968000,4.177,0.380,nan
5970000,4.177,0.380,nan
5972000,4.177,0.380,nan
5974000,4.177,0.380,nan
5976000,4.177,0.380,nan
5978000,4.177,0.380,nan
5980000,4.177,0.380,nan
5982000,4.177,0.380,nan
5984000,4.177,0.380,nan
5986000,4.177,0.380,nan
5988000,4.177,0.380,nan
5990000,4.177,0.380,nan
5992000,4.177,0.380,nan
5994000,4.177,0.380,nan
5996000,4.177,0.380,nan
5998000,4.177,0.380,nan
6000000,4.177,0.380,nan
6002000,4.176,0.401,nan
6004000,4.175,0.423,nan
6006000,4.173,0.444,nan
6008000,4.172,0.465,nan
6010000,4.171,0.487,nan
6012000,4.170,0.508,nan
6014000,4.168,0.529,nan
6016000,4.167,0.551,nan
6018000,4.166,0.572,nan
6020000,4.164,0.593,nan
6022000,4.163,0.615,nan
6024000,4.162,0.636,nan
6026000,4.161,0.657,nan
6028000,4.159,0.679,nan
6030000,4.158,0.700,nan
6032000,4.157,0.721,nan
6034000,4.155,0.743,nan
6036000,4.154,0.764,nan
6038000,4.153,0.785,nan
6040000,4.152,0.807,nan
6042000,4.150,0.828,nan
6044000,4.149,0.849,nan
6046000,4.148,0.871,nan
6048000,4.146,0.892,nan
6050000,4.145,0.913,nan
6052000,4.144,0.935,nan
6054000,4.143,0.956,nan
6056000,4.141,0.977,nan
6058000,4.140,0.999,nan
6060000,4.139,1.020,nan
6062000,4.138,1.041,nan
6064000,4.136,1.063,nan
6066000,4.135,1.084,nan
6068000,4.134,1.105,nan
6070000,4.132,1.127,nan
6072000,4.131,1.148,nan
6074000,4.130,1.169,nan
6076000,4.129,1.191,nan
6078000,4.127,1.212,nan
6080000,4.126,1.233,nan
6082000,4.125,1.255,nan
6084000,4.123,1.276,nan
6086000,4.122,1.297,nan
6088000,4.121,1.319,nan
6090000,4.120,1.340,nan
6092000,4.118,1.361,nan
6094000,4.117,1.383,nan
6096000,4.116,1.404,nan
6098000,4.114,1.425,nan
6100000,4.113,1.447,nan
6102000,4.112,1.468,nan
6104000,4.111,1.489,nan
6106000,4.109,1.511,nan
6108000,4.108,1.532,nan
6110000,4.107,1.553,nan
6112000,4.106,1.575,nan
6114000,4.104,1.596,nan
6116000,4.103,1.617,nan
6118000,4.102,1.639,nan
6120000,4.100,1.660,nan
6122000,4.099,1.681,nan
6124000,4.098,1.703,nan
6126000,4.097,1.724,nan
6128000,4.095,1.745,nan
6130000,4.094,1.767,nan
6132000,4.093,1.788,nan
6134000,4.091,1.809,nan
6136000,4.090,1.831,nan
6138000,4.089,1.852,nan
6140000,4.088,1.873,nan
6142000,4.086,1.895,nan
6144000,4.085,1.916,nan
6146000,4.084,1.937,nan
6148000,4.082,1.959,nan
6150000,4.081,1.980,nan
6152000,4.081,1.980,nan
6154000,4.081,1.980,nan
6156000,4.081,1.980,nan
6158000,4.081,1.980,nan
6160000,4.081,1.980,nan
6162000,4.081,1.980,nan
6164000,4.081,1.980,nan
6166000,4.081,1.980,nan
6168000,4.081,1.980,nan
6170000,4.081,1.980,nan
6172000,4.081,1.980,nan
6174000,4.081,1.980,nan
6176000,4.081,1.980,nan
6178000,4.081,1.980,nan
6180000,4.081,1.980,nan
6182000,4.081,1.980,nan
6184000,4.081,1.980,nan
6186000,4.081,1.980,nan
6188000,4.081,1.980,nan
6190000,4.081,1.980,nan
6192000,4.081,1.980,nan
6194000,4.081,1.980,nan
6196000,4.081,1.980,nan
6198000,4.081,1.980,nan
6200000,4.081,1.980,nan
6202000,4.081,1.980,nan
6204000,4.081,1.980,nan
6206000,4.081,1.980,nan
6208000,4.081,1.980,nan
6210000,4.081,1.980,nan
6212000,4.081,1.980,nan
6214000,4.081,1.980,nan
6216000,4.081,1.980,nan
6218000,4.081,1.980,nan
6220000,4.081,1.980,nan
6222000,4.081,1.980,nan
6224000,4.081,1.980,nan
6226000,4.081,1.980,nan
6228000,4.081,1.980,nan
6230000,4.081,1.980,nan
6232000,4.081,1.980,nan
6234000,4.081,1.980,nan
6236000,4.081,1.980,nan
6238000,4.081,1.980,nan
6240000,4.081,1.980,nan
6242000,4.081,1.980,nan
6244000,4.081,1.980,nan
6246000,4.081,1.980,nan
6248000,4.081,1.980,nan
6250000,4.081,1.980,nan
6252000,4.081,1.980,nan
6254000,4.081,1.980,nan
6256000,4.081,1.980,nan
6258000,4.081,1.980,nan
6260000,4.081,1.980,nan
6262000,4.081,1.980,nan
6264000,4.081,1.980,nan
6266000,4.081,1.980,nan
6268000,4.081,1.980,nan
6270000,4.081,1.980,nan
6272000,4.081,1.980,nan
6274000,4.081,1.980,nan
6276000,4.081,1.980,nan
6278000,4.081,1.980,nan
6280000,4.081,1.980,nan
6282000,4.081,1.980,nan
6284000,4.081,1.980,nan
6286000,4.081,1.980,nan
6288000,4.081,1.980,nan
6290000,4.081,1.980,nan
6292000,4.081,1.980,nan
6294000,4.081,1.980,nan
6296000,4.081,1.980,nan
6298000,4.081,1.980,nan
6300000,4.081,1.980,nan
6302000,4.081,1.980,nan
6304000,4.081,1.980,nan
6306000,4.081,1.980,nan
6308000,4.081,1.980,nan
6310000,4.081,1.980,nan
6312000,4.081,1.980,nan
6314000,4.081,1.980,nan
6316000,4.081,1.980,nan
6318000,4.081,1.980,nan
6320000,4.081,1.980,nan
6322000,4.081,1.980,nan
6324000,4.081,1.980,nan
6326000,4.081,1.980,nan
6328000,4.081,1.980,nan
6330000,4.081,1.980,nan
6332000,4.081,1.980,nan
6334000,4.081,1.980,nan
6336000,4.081,1.980,nan
6338000,4.081,1.980,nan
6340000,4.081,1.980,nan
6342000,4.081,1.980,nan
6344000,4.081,1.980,nan
6346000,4.081,1.980,nan
6348000,4.081,1.980,nan
6350000,4.081,1.980,nan
6352000,4.081,1.980,nan
6354000,4.081,1.980,nan
6356000,4.081,1.980,nan
6358000,4.081,1.980,nan
6360000,4.081,1.980,nan
6362000,4.081,1.980,nan
6364000,4.081,1.980,nan
6366000,4.081,1.980,nan
6368000,4.081,1.980,nan
6370000,4.081,1.980,nan
6372000,4.081,1.980,nan
6374000,4.081,1.980,nan
6376000,4.081,1.980,nan
6378000,4.081,1.980,nan
6380000,4.081,1.980,nan
6382000,4.081,1.980,nan
6384000,4.081,1.980,nan
6386000,4.081,1.980,nan
6388000,4.081,1.980,nan
6390000,4.081,1.980,nan
6392000,4.081,1.980,nan
6394000,4.081,1.980,nan
6396000,4.081,1.980,nan
6398000,4.081,1.980,nan
6400000,4.081,1.980,nan
6402000,4.081,1.980,nan
6404000,4.081,1.980,nan
6406000,4.081,1.980,nan
6408000,4.081,1.980,nan
6410000,4.081,1.980,nan
6412000,4.081,1.980,nan
6414000,4.081,1.980,nan
6416000,4.081,1.980,nan
6418000,4.081,1.980,nan
6420000,4.081,1.980,nan
6422000,4.081,1.980,nan
6424000,4.081,1.980,nan
6426000,4.081,1.980,nan
6428000,4.081,1.980,nan
6430000,4.081,1.980,nan
6432000,4.081,1.980,nan
6434000,4.081,1.980,nan
6436000,4.081,1.980,nan
6438000,4.081,1.980,nan
6440000,4.081,1.980,nan
6442000,4.081,1.980,nan
6444000,4.081,1.980,nan
6446000,4.081,1.980,nan
6448000,4.081,1.980,nan
6450000,4.081,1.980,nan
6452000,4.081,1.980,nan
6454000,4.081,1.980,nan
6456000,4.081,1.980,nan
6458000,4.081,1.980,nan
6460000,4.081,1.980,nan
6462000,4.081,1.980,nan
6464000,4.081,1.980,nan
6466000,4.081,1.980,nan
6468000,4.081,1.980,nan
6470000,4.081,1.980,nan
6472000,4.081,1.980,nan
6474000,4.081,1.980,nan
6476000,4.081,1.980,nan
6478000,4.081,1.980,nan
6480000,4.081,1.980,nan
6482000,4.081,1.980,nan
6484000,4.081,1.980,nan
6486000,4.081,1.980,nan
6488000,4.081,1.980,nan
6490000,4.081,1.980,nan
6492000,4.081,1.980,nan
6494000,4.081,1.980,nan
6496000,4.081,1.980,nan
6498000,4.081,1.980,nan
6500000,4.081,1.980,nan
6502000,4.081,1.980,nan
6504000,4.081,1.980,nan
6506000,4.081,1.980,nan
6508000,4.081,1.980,nan
6510000,4.081,1.980,nan
6512000,4.081,1.980,nan
6514000,4.081,1.980,nan
6516000,4.081,1.980,nan
6518000,4.081,1.980,nan
6520000,4.081,1.980,nan
6522000,4.081,1.980,nan
6524000,4.081,1.980,nan
6526000,4.081,1.980,nan
6528000,4.081,1.980,nan
6530000,4.081,1.980,nan
6532000,4.081,1.980,nan
6534000,4.081,1.980,nan
6536000,4.081,1.980,nan
6538000,4.081,1.980,nan
6540000,4.081,1.980,nan
6542000,4.081,1.980,nan
6544000,4.081,1.980,nan
6546000,4.081,1.980,nan
6548000,4.081,1.980,nan
6550000,4.081,1.980,nan
6552000,4.081,1.980,nan
6554000,4.081,1.980,nan
6556000,4.081,1.980,nan
6558000,4.081,1.980,nan
6560000,4.081,1.980,nan
6562000,4.081,1.980,nan
6564000,4.081,1.980,nan
6566000,4.081,1.980,nan
6568000,4.081,1.980,nan
6570000,4.081,1.980,nan
6572000,4.081,1.980,nan
6574000,4.081,1.980,nan
6576000,4.081,1.980,nan
6578000,4.081,1.980,nan
6580000,4.081,1.980,nan
6582000,4.081,1.980,nan
6584000,4.081,1.980,nan
6586000,4.081,1.980,nan
6588000,4.081,1.980,nan
6590000,4.081,1.980,nan
6592000,4.081,1.980,nan
6594000,4.081,1.980,nan
6596000,4.081,1.980,nan
6598000,4.081,1.980,nan
6600000,4.081,1.980,nan
6602000,4.081,1.980,nan
6604000,4.081,1.980,nan
6606000,4.081,1.980,nan
6608000,4.081,1.980,nan
6610000,4.081,1.980,nan
6612000,4.081,1.980,nan
6614000,4.081,1.980,nan
6616000,4.081,1.980,nan
6618000,4.081,1.980,nan
6620000,4.081,1.980,nan
6622000,4.081,1.980,nan
6624000,4.081,1.980,nan
6626000,4.081,1.980,nan
6628000,4.081,1.980,nan
6630000,4.081,1.980,nan
6632000,4.081,1.980,nan
6634000,4.081,1.980,nan
6636000,4.081,1.980,nan
6638000,4.081,1.980,nan
6640000,4.081,1.980,nan
6642000,4.081,1.980,nan
6644000,4.081,1.980,nan
6646000,4.081,1.980,nan
6648000,4.081,1.980,nan
6650000,4.081,1.980,nan
6652000,4.081,1.980,nan
6654000,4.081,1.980,nan
6656000,4.081,1.980,nan
6658000,4.081,1.980,nan
6660000,4.081,1.980,nan
6662000,4.081,1.980,nan
6664000,4.081,1.980,nan
6666000,4.081,1.980,nan
6668000,4.081,1.980,nan
6670000,4.081,1.980,nan
6672000,4.081,1.980,nan
6674000,4.081,1.980,nan
6676000,4.081,1.980,nan
6678000,4.081,1.980,nan
6680000,4.081,1.980,nan
6682000,4.081,1.980,nan
6684000,4.081,1.980,nan
6686000,4.081,1.980,nan
6688000,4.081,1.980,nan
6690000,4.081,1.980,nan
6692000,4.081,1.980,nan
6694000,4.081,1.980,nan
6696000,4.081,1.980,nan
6698000,4.081,1.980,nan
6700000,4.081,1.980,nan
6702000,4.081,1.980,nan
6704000,4.081,1.980,nan
6706000,4.081,1.980,nan
6708000,4.081,1.980,nan
6710000,4.081,1.980,nan
6712000,4.081,1.980,nan
6714000,4.081,1.980,nan
6716000,4.081,1.980,nan
6718000,4.081,1.980,nan
6720000,4.081,1.980,nan
6722000,4.081,1.980,nan
6724000,4.081,1.980,nan
6726000,4.081,1.980,nan
6728000,4.081,1.980,nan
6730000,4.081,1.980,nan
6732000,4.081,1.980,nan
6734000,4.081,1.980,nan
6736000,4.081,1.980,nan
6738000,4.081,1.980,nan
6740000,4.081,1.980,nan
6742000,4.081,1.980,nan
6744000,4.081,1.980,nan
6746000,4.081,1.980,nan
6748000,4.081,1.980,nan
6750000,4.081,1.980,nan
6752000,4.081,1.980,nan
6754000,4.081,1.980,nan
6756000,4.081,1.980,nan
6758000,4.081,1.980,nan
6760000,4.081,1.980,nan
6762000,4.081,1.980,nan
6764000,4.081,1.980,nan
6766000,4.081,1.980,nan
6768000,4.081,1.980,nan
6770000,4.081,1.980,nan
6772000,4.081,1.980,nan
6774000,4.081,1.980,nan
6776000,4.081,1.980,nan
6778000,4.081,1.980,nan
6780000,4.081,1.980,nan
6782000,4.081,1.980,nan
6784000,4.081,1.980,nan
6786000,4.081,1.980,nan
6788000,4.081,1.980,nan
6790000,4.081,1.980,nan
6792000,4.081,1.980,nan
6794000,4.081,1.980,nan
6796000,4.081,1.980,nan
6798000,4.081,1.980,nan
6800000,4.081,1.980,nan
6802000,4.081,1.980,nan
6804000,4.081,1.980,nan
6806000,4.081,1.980,nan
6808000,4.081,1.980,nan
6810000,4.081,1.980,nan
6812000,4.081,1.980,nan
6814000,4.081,1.980,nan
6816000,4.081,1.980,nan
6818000,4.081,1.980,nan
6820000,4.081,1.980,nan
6822000,4.081,1.980,nan
6824000,4.081,1.980,nan
6826000,4.081,1.980,nan
6828000,4.081,1.980,nan
6830000,4.081,1.980,nan
6832000,4.081,1.980,nan
6834000,4.081,1.980,nan
6836000,4.081,1.980,nan
6838000,4.081,1.980,nan
6840000,4.081,1.980,nan
6842000,4.081,1.980,nan
6844000,4.081,1.980,nan
6846000,4.081,1.980,nan
6848000,4.081,1.980,nan
6850000,4.081,1.980,nan
6852000,4.081,1.980,nan
6854000,4.081,1.980,nan
6856000,4.081,1.980,nan
6858000,4.081,1.980,nan
6860000,4.081,1.980,nan
6862000,4.081,1.980,nan
6864000,4.081,1.980,nan
6866000,4.081,1.980,nan
6868000,4.081,1.980,nan
6870000,4.081,1.980,nan
6872000,4.081,1.980,nan
6874000,4.081,1.980,nan
6876000,4.081,1.980,nan
6878000,4.081,1.980,nan
6880000,4.081,1.980,nan
6882000,4.081,1.980,nan
6884000,4.081,1.980,nan
6886000,4.081,1.980,nan
6888000,4.081,1.980,nan
6890000,4.081,1.980,nan
6892000,4.081,1.980,nan
6894000,4.081,1.980,nan
6896000,4.081,1.980,nan
6898000,4.081,1.980,nan
6900000,4.081,1.980,nan
6902000,4.081,1.980,nan
6904000,4.081,1.980,nan
6906000,4.081,1.980,nan
6908000,4.081,1.980,nan
6910000,4.081,1.980,nan
6912000,4.081,1.980,nan
6914000,4.081,1.980,nan
6916000,4.081,1.980,nan
6918000,4.081,1.980,nan
6920000,4.081,1.980,nan
6922000,4.081,1.980,nan
6924000,4.081,1.980,nan
6926000,4.081,1.980,nan
6928000,4.081,1.980,nan
6930000,4.081,1.980,nan
6932000,4.081,1.980,nan
6934000,4.081,1.980,nan
6936000,4.081,1.980,nan
6938000,4.081,1.980,nan
6940000,4.081,1.980,nan
6942000,4.081,1.980,nan
6944000,4.081,1.980,nan
6946000,4.081,1.980,nan
6948000,4.081,1.980,nan
6950000,4.081,1.980,nan
6952000,4.081,1.980,nan
6954000,4.081,1.980,nan
6956000,4.081,1.980,nan
6958000,4.081,1.980,nan
6960000,4.081,1.980,nan
6962000,4.081,1.980,nan
6964000,4.081,1.980,nan
6966000,4.081,1.980,nan
6968000,4.081,1.980,nan
6970000,4.081,1.980,nan
6972000,4.081,1.980,nan
6974000,4.081,1.980,nan
6976000,4.081,1.980,nan
6978000,4.081,1.980,nan
6980000,4.081,1.980,nan
6982000,4.081,1.980,nan
6984000,4.081,1.980,nan
6986000,4.081,1.980,nan
6988000,4.081,1.980,nan
6990000,4.081,1.980,nan
6992000,4.081,1.980,nan
6994000,4.081,1.980,nan
6996000,4.081,1.980,nan
6998000,4.081,1.980,nan
7000000,4.081,1.980,nan
7002000,4.081,1.980,nan
7004000,4.081,1.980,nan
7006000,4.081,1.980,nan
7008000,4.081,1.980,nan
7010000,4.081,1.980,nan
7012000,4.081,1.980,nan
7014000,4.081,1.980,nan
7016000,4.081,1.980,nan
7018000,4.081,1.980,nan
7020000,4.081,1.980,nan
7022000,4.081,1.980,nan
7024000,4.081,1.980,nan
7026000,4.081,1.980,nan
7028000,4.081,1.980,nan
7030000,4.081,1.980,nan
7032000,4.081,1.980,nan
7034000,4.081,1.980,nan
7036000,4.081,1.980,nan
7038000,4.081,1.980,nan
7040000,4.081,1.980,nan
7042000,4.081,1.980,nan
7044000,4.081,1.980,nan
7046000,4.081,1.980,nan
7048000,4.081,1.980,nan
7050000,4.081,1.980,nan
7052000,4.081,1.980,nan
7054000,4.081,1.980,nan
7056000,4.081,1.980,nan
7058000,4.081,1.980,nan
7060000,4.081,1.980,nan
7062000,4.081,1.980,nan
7064000,4.081,1.980,nan
7066000,4.081,1.980,nan
7068000,4.081,1.980,nan
7070000,4.081,1.980,nan
7072000,4.081,1.980,nan
7074000,4.081,1.980,nan
7076000,4.081,1.980,nan
7078000,4.081,1.980,nan
7080000,4.081,1.980,nan
7082000,4.081,1.980,nan
7084000,4.081,1.980,nan
7086000,4.081,1.980,nan
7088000,4.081,1.980,nan
7090000,4.081,1.980,nan
7092000,4.081,1.980,nan
7094000,4.081,1.980,nan
7096000,4.081,1.980,nan
7098000,4.081,1.980,nan
7100000,4.081,1.980,nan
7102000,4.081,1.980,nan
7104000,4.081,1.980,nan
7106000,4.081,1.980,nan
7108000,4.081,1.980,nan
7110000,4.081,1.980,nan
7112000,4.081,1.980,nan
7114000,4.081,1.980,nan
7116000,4.081,1.980,nan
7118000,4.081,1.980,nan
7120000,4.081,1.980,nan
7122000,4.081,1.980,nan
7124000,4.081,1.980,nan
7126000,4.081,1.980,nan
7128000,4.081,1.980,nan
7130000,4.081,1.980,nan
7132000,4.081,1.980,nan
7134000,4.081,1.980,nan
7136000,4.081,1.980,nan
7138000,4.081,1.980,nan
7140000,4.081,1.980,nan
7142000,4.081,1.980,nan
7144000,4.081,1.980,nan
7146000,4.081,1.980,nan
7148000,4.081,1.980,nan
7150000,4.081,1.980,nan
7152000,4.081,1.980,nan
7154000,4.081,1.980,nan
7156000,4.081,1.980,nan
7158000,4.081,1.980,nan
7160000,4.081,1.980,nan
7162000,4.081,1.980,nan
7164000,4.081,1.980,nan
7166000,4.081,1.980,nan
7168000,4.081,1.980,nan
7170000,4.081,1.980,nan
7172000,4.081,1.980,nan
7174000,4.081,1.980,nan
7176000,4.081,1.980,nan
7178000,4.081,1.980,nan
7180000,4.081,1.980,nan
7182000,4.081,1.980,nan
7184000,4.081,1.980,nan
7186000,4.081,1.980,nan
7188000,4.081,1.980,nan
7190000,4.081,1.980,nan
7192000,4.081,1.980,nan
7194000,4.081,1.980,nan
7196000,4.081,1.980,nan
7198000,4.081,1.980,nan
7200000,4.081,1.980,nan
7202000,4.081,1.980,nan
7204000,4.081,1.980,nan
7206000,4.081,1.980,nan
7208000,4.081,1.980,nan
7210000,4.081,1.980,nan
7212000,4.081,1.980,nan
7214000,4.081,1.980,nan
7216000,4.081,1.980,nan
7218000,4.081,1.980,nan
7220000,4.081,1.980,nan
7222000,4.081,1.980,nan
7224000,4.081,1.980,nan
7226000,4.081,1.980,nan
7228000,4.081,1.980,nan
7230000,4.081,1.980,nan
7232000,4.081,1.980,nan
7234000,4.081,1.980,nan
7236000,4.081,1.980,nan
7238000,4.081,1.980,nan
7240000,4.081,1.980,nan
7242000,4.081,1.980,nan
7244000,4.081,1.980,nan
7246000,4.081,1.980,nan
7248000,4.081,1.980,nan
7250000,4.081,1.980,nan
7252000,4.081,1.980,nan
7254000,4.081,1.980,nan
7256000,4.081,1.980,nan
7258000,4.081,1.980,nan
7260000,4.081,1.980,nan
7262000,4.081,1.980,nan
7264000,4.081,1.980,nan
7266000,4.081,1.980,nan
7268000,4.081,1.980,nan
7270000,4.081,1.980,nan
7272000,4.081,1.980,nan
7274000,4.081,1.980,nan
7276000,4.081,1.980,nan
7278000,4.081,1.980,nan
7280000,4.081,1.980,nan
7282000,4.081,1.980,nan
7284000,4.081,1.980,nan
7286000,4.081,1.980,nan
7288000,4.081,1.980,nan
7290000,4.081,1.980,nan
7292000,4.081,1.980,nan
7294000,4.081,1.980,nan
7296000,4.081,1.980,nan
7298000,4.081,1.980,nan
7300000,4.081,1.980,nan
7302000,4.081,1.980,nan
7304000,4.081,1.980,nan
7306000,4.081,1.980,nan
7308000,4.081,1.980,nan
7310000,4.081,1.980,nan
7312000,4.081,1.980,nan
7314000,4.081,1.980,nan
7316000,4.081,1.980,nan
7318000,4.081,1.980,nan
7320000,4.081,1.980,nan
7322000,4.081,1.980,nan
7324000,4.081,1.980,nan
7326000,4.081,1.980,nan
7328000,4.081,1.980,nan
7330000,4.081,1.980,nan
7332000,4.081,1.980,nan
7334000,4.081,1.980,nan
7336000,4.081,1.980,nan
7338000,4.081,1.980,nan
7340000,4.081,1.980,nan
7342000,4.081,1.980,nan
7344000,4.081,1.980,nan
7346000,4.081,1.980,nan
7348000,4.081,1.980,nan
7350000,4.081,1.980,nan
7352000,4.081,1.980,nan
7354000,4.081,1.980,nan
7356000,4.081,1.980,nan
7358000,4.081,1.980,nan
7360000,4.081,1.980,nan
7362000,4.081,1.980,nan
7364000,4.081,1.980,nan
7366000,4.081,1.980,nan
7368000,4.081,1.980,nan
7370000,4.081,1.980,nan
7372000,4.081,1.980,nan
7374000,4.081,1.980,nan
7376000,4.081,1.980,nan
7378000,4.081,1.980,nan
7380000,4.081,1.980,nan
7382000,4.081,1.980,nan
7384000,4.081,1.980,nan
7386000,4.081,1.980,nan
7388000,4.081,1.980,nan
7390000,4.081,1.980,nan
7392000,4.081,1.980,nan
7394000,4.081,1.980,nan
7396000,4.081,1.980,nan
7398000,4.081,1.980,nan
7400000,4.081,1.980,nan
7402000,4.081,1.980,nan
7404000,4.081,1.980,nan
7406000,4.081,1.980,nan
7408000,4.081,1.980,nan
7410000,4.081,1.980,nan
7412000,4.081,1.980,nan
7414000,4.081,1.980,nan
7416000,4.081,1.980,nan
7418000,4.081,1.980,nan
7420000,4.081,1.980,nan
7422000,4.081,1.980,nan
7424000,4.081,1.980,nan
7426000,4.081,1.980,nan
7428000,4.081,1.980,nan
7430000,4.081,1.980,nan
7432000,4.081,1.980,nan
7434000,4.081,1.980,nan
7436000,4.081,1.980,nan
7438000,4.081,1.980,nan
7440000,4.081,1.980,nan
7442000,4.081,1.980,nan
7444000,4.081,1.980,nan
7446000,4.081,1.980,nan
7448000,4.081,1.980,nan
7450000,4.081,1.980,nan
7452000,4.081,1.980,nan
7454000,4.081,1.980,nan
7456000,4.081,1.980,nan
7458000,4.081,1.980,nan
7460000,4.081,1.980,nan
7462000,4.081,1.980,nan
7464000,4.081,1.980,nan
7466000,4.081,1.980,nan
7468000,4.081,1.980,nan
7470000,4.081,1.980,nan
7472000,4.081,1.980,nan
7474000,4.081,1.980,nan
7476000,4.081,1.980,nan
7478000,4.081,1.980,nan
7480000,4.081,1.980,nan
7482000,4.081,1.980,nan
7484000,4.081,1.980,nan
7486000,4.081,1.980,nan
7488000,4.081,1.980,nan
7490000,4.081,1.980,nan
7492000,4.081,1.980,nan
7494000,4.081,1.980,nan
7496000,4.081,1.980,nan
7498000,4.081,1.980,nan
7500000,4.081,1.980,nan
7502000,4.081,1.980,nan
7504000,4.081,1.980,nan
7506000,4.081,1.980,nan
7508000,4.081,1.980,nan
7510000,4.081,1.980,nan
7512000,4.081,1.980,nan
7514000,4.081,1.980,nan
7516000,4.081,1.980,nan
7518000,4.081,1.980,nan
7520000,4.081,1.980,nan
7522000,4.081,1.980,nan
7524000,4.081,1.980,nan
7526000,4.081,1.980,nan
7528000,4.081,1.980,nan
7530000,4.081,1.980,nan
7532000,4.081,1.980,nan
7534000,4.081,1.980,nan
7536000,4.081,1.980,nan
7538000,4.081,1.980,nan
7540000,4.081,1.980,nan
7542000,4.081,1.980,nan
7544000,4.081,1.980,nan
7546000,4.081,1.980,nan
7548000,4.081,1.980,nan
7550000,4.081,1.980,nan
7552000,4.081,1.980,nan
7554000,4.081,1.980,nan
7556000,4.081,1.980,nan
7558000,4.081,1.980,nan
7560000,4.081,1.980,nan
7562000,4.081,1.980,nan
7564000,4.081,1.980,nan
7566000,4.081,1.980,nan
7568000,4.081,1.980,nan
7570000,4.081,1.980,nan
7572000,4.081,1.980,nan
7574000,4.081,1.980,nan
7576000,4.081,1.980,nan
7578000,4.081,1.980,nan
7580000,4.081,1.980,nan
7582000,4.081,1.980,nan
7584000,4.081,1.980,nan
7586000,4.081,1.980,nan
7588000,4.081,1.980,nan
7590000,4.081,1.980,nan
7592000,4.081,1.980,nan
7594000,4.081,1.980,nan
7596000,4.081,1.980,nan
7598000,4.081,1.980,nan
7600000,4.081,1.980,nan
7602000,4.081,1.980,nan
7604000,4.081,1.980,nan
7606000,4.081,1.980,nan
7608000,4.081,1.980,nan
7610000,4.081,1.980,nan
7612000,4.081,1.980,nan
7614000,4.081,1.980,nan
7616000,4.081,1.980,nan
7618000,4.081,1.980,nan
7620000,4.081,1.980,nan
7622000,4.081,1.980,nan
7624000,4.081,1.980,nan
7626000,4.081,1.980,nan
7628000,4.081,1.980,nan
7630000,4.081,1.980,nan
7632000,4.081,1.980,nan
7634000,4.081,1.980,nan
7636000,4.081,1.980,nan
7638000,4.081,1.980,nan
7640000,4.081,1.980,nan
7642000,4.081,1.980,nan
7644000,4.081,1.980,nan
7646000,4.081,1.980,nan
7648000,4.081,1.980,nan
7650000,4.081,1.980,nan
7652000,4.081,1.980,nan
7654000,4.081,1.980,nan
7656000,4.081,1.980,nan
7658000,4.081,1.980,nan
7660000,4.081,1.980,nan
7662000,4.081,1.980,nan
7664000,4.081,1.980,nan
7666000,4.081,1.980,nan
7668000,4.081,1.980,nan
7670000,4.081,1.980,nan
7672000,4.081,1.980,nan
7674000,4.081,1.980,nan
7676000,4.081,1.980,nan
7678000,4.081,1.980,nan
7680000,4.081,1.980,nan
7682000,4.081,1.980,nan
7684000,4.081,1.980,nan
7686000,4.081,1.980,nan
7688000,4.081,1.980,nan
7690000,4.081,1.980,nan
7692000,4.081,1.980,nan
7694000,4.081,1.980,nan
7696000,4.081,1.980,nan
7698000,4.081,1.980,nan
7700000,4.081,1.980,nan
7702000,4.081,1.980,nan
7704000,4.081,1.980,nan
7706000,4.081,1.980,nan
7708000,4.081,1.980,nan
7710000,4.081,1.980,nan
7712000,4.081,1.980,nan
7714000,4.081,1.980,nan
7716000,4.081,1.980,nan
7718000,4.081,1.980,nan
7720000,4.081,1.980,nan
7722000,4.081,1.980,nan
7724000,4.081,1.980,nan
7726000,4.081,1.980,nan
7728000,4.081,1.980,nan
7730000,4.081,1.980,nan
7732000,4.081,1.980,nan
7734000,4.081,1.980,nan
7736000,4.081,1.980,nan
7738000,4.081,1.980,nan
7740000,4.081,1.980,nan
7742000,4.081,1.980,nan
7744000,4.081,1.980,nan
7746000,4.081,1.980,nan
7748000,4.081,1.980,nan
7750000,4.081,1.980,nan
7752000,4.081,1.980,nan
7754000,4.081,1.980,nan
7756000,4.081,1.980,nan
7758000,4.081,1.980,nan
7760000,4.081,1.980,nan
7762000,4.081,1.980,nan
7764000,4.081,1.980,nan
7766000,4.081,1.980,nan
7768000,4.081,1.980,nan
7770000,4.081,1.980,nan
7772000,4.081,1.980,nan
7774000,4.081,1.980,nan
7776000,4.081,1.980,nan
7778000,4.081,1.980,nan
7780000,4.081,1.980,nan
7782000,4.081,1.980,nan
7784000,4.081,1.980,nan
7786000,4.081,1.980,nan
7788000,4.081,1.980,nan
7790000,4.081,1.980,nan
7792000,4.081,1.980,nan
7794000,4.081,1.980,nan
7796000,4.081,1.980,nan
7798000,4.081,1.980,nan
7800000,4.081,1.980,nan
7802000,4.081,1.980,nan
7804000,4.081,1.980,nan
7806000,4.081,1.980,nan
7808000,4.081,1.980,nan
7810000,4.081,1.980,nan
7812000,4.081,1.980,nan
7814000,4.081,1.980,nan
7816000,4.081,1.980,nan
7818000,4.081,1.980,nan
7820000,4.081,1.980,nan
7822000,4.081,1.980,nan
7824000,4.081,1.980,nan
7826000,4.081,1.980,nan
7828000,4.081,1.980,nan
7830000,4.081,1.980,nan
7832000,4.081,1.980,nan
7834000,4.081,1.980,nan
7836000,4.081,1.980,nan
7838000,4.081,1.980,nan
7840000,4.081,1.980,nan
7842000,4.081,1.980,nan
7844000,4.081,1.980,nan
7846000,4.081,1.980,nan
7848000,4.081,1.980,nan
7850000,4.081,1.980,nan
7852000,4.081,1.980,nan
7854000,4.081,1.980,nan
7856000,4.081,1.980,nan
7858000,4.081,1.980,nan
7860000,4.081,1.980,nan
7862000,4.081,1.980,nan
7864000,4.081,1.980,nan
7866000,4.081,1.980,nan
7868000,4.081,1.980,nan
7870000,4.081,1.980,nan
7872000,4.081,1.980,nan
7874000,4.081,1.980,nan
7876000,4.081,1.980,nan
7878000,4.081,1.980,nan
7880000,4.081,1.980,nan
7882000,4.081,1.980,nan
7884000,4.081,1.980,nan
7886000,4.081,1.980,nan
7888000,4.081,1.980,nan
7890000,4.081,1.980,nan
7892000,4.081,1.980,nan
7894000,4.081,1.980,nan
7896000,4.081,1.980,nan
7898000,4.081,1.980,nan
7900000,4.081,1.980,nan
7902000,4.081,1.980,nan
7904000,4.081,1.980,nan
7906000,4.081,1.980,nan
7908000,4.081,1.980,nan
7910000,4.081,1.980,nan
7912000,4.081,1.980,nan
7914000,4.081,1.980,nan
7916000,4.081,1.980,nan
7918000,4.081,1.980,nan
7920000,4.081,1.980,nan
7922000,4.081,1.980,nan
7924000,4.081,1.980,nan
7926000,4.081,1.980,nan
7928000,4.081,1.980,nan
7930000,4.081,1.980,nan
7932000,4.081,1.980,nan
7934000,4.081,1.980,nan
7936000,4.081,1.980,nan
7938000,4.081,1.980,nan
7940000,4.081,1.980,nan
7942000,4.081,1.980,nan
7944000,4.081,1.980,nan
7946000,4.081,1.980,nan
7948000,4.081,1.980,nan
7950000,4.081,1.980,nan
7952000,4.081,1.980,nan
7954000,4.081,1.980,nan
7956000,4.081,1.980,nan
7958000,4.081,1.980,nan
7960000,4.081,1.980,nan
7962000,4.081,1.980,nan
7964000,4.081,1.980,nan
7966000,4.081,1.980,nan
7968000,4.081,1.980,nan
7970000,4.081,1.980,nan
7972000,4.081,1.980,nan
7974000,4.081,1.980,nan
7976000,4.081,1.980,nan
7978000,4.081,1.980,nan
7980000,4.081,1.980,nan
7982000,4.081,1.980,nan
7984000,4.081,1.980,nan
7986000,4.081,1.980,nan
7988000,4.081,1.980,nan
7990000,4.081,1.980,nan
7992000,4.081,1.980,nan
7994000,4.081,1.980,nan
7996000,4.081,1.980,nan
7998000,4.081,1.980,nan
8000000,4.177,0.380,nan
8002000,4.177,0.380,nan
8004000,4.177,0.380,nan
8006000,4.177,0.380,nan
8008000,4.177,0.380,nan
8010000,4.177,0.380,nan
8012000,4.177,0.380,nan
8014000,4.177,0.380,nan
8016000,4.177,0.380,nan
8018000,4.177,0.380,nan
8020000,4.177,0.380,nan
8022000,4.177,0.380,nan
8024000,4.177,0.380,nan
8026000,4.177,0.380,nan
8028000,4.177,0.380,nan
8030000,4.177,0.380,nan
8032000,4.177,0.380,nan
8034000,4.177,0.380,nan
8036000,4.177,0.380,nan
8038000,4.177,0.380,nan
8040000,4.177,0.380,nan
8042000,4.177,0.380,nan
8044000,4.177,0.380,nan
8046000,4.177,0.380,nan
8048000,4.177,0.380,nan
8050000,4.177,0.380,nan
8052000,4.177,0.380,nan
8054000,4.177,0.380,nan
8056000,4.177,0.380,nan
8058000,4.177,0.380,nan
8060000,4.177,0.380,nan
8062000,4.177,0.380,nan
8064000,4.177,0.380,nan
8066000,4.177,0.380,nan
8068000,4.177,0.380,nan
8070000,4.177,0.380,nan
8072000,4.177,0.380,nan
8074000,4.177,0.380,nan
8076000,4.177,0.380,nan
8078000,4.177,0.380,nan
8080000,4.177,0.380,nan
8082000,4.177,0.380,nan
8084000,4.177,0.380,nan
8086000,4.177,0.380,nan
8088000,4.177,0.380,nan
8090000,4.177,0.380,nan
8092000,4.177,0.380,nan
8094000,4.177,0.380,nan
8096000,4.177,0.380,nan
8098000,4.177,0.380,nan
8100000,4.177,0.380,nan
8102000,4.177,0.380,nan
8104000,4.177,0.380,nan
8106000,4.177,0.380,nan
8108000,4.177,0.380,nan
8110000,4.177,0.380,nan
8112000,4.177,0.380,nan
8114000,4.177,0.380,nan
8116000,4.177,0.380,nan
8118000,4.177,0.380,nan
8120000,4.177,0.380,nan
8122000,4.177,0.380,nan
8124000,4.177,0.380,nan
8126000,4.177,0.380,nan
8128000,4.177,0.380,nan
8130000,4.177,0.380,nan
8132000,4.177,0.380,nan
8134000,4.177,0.380,nan
8136000,4.177,0.380,nan
8138000,4.177,0.380,nan
8140000,4.177,0.380,nan
8142000,4.177,0.380,nan
8144000,4.177,0.380,nan
8146000,4.177,0.380,nan
8148000,4.177,0.380,nan
8150000,4.177,0.380,nan
8152000,4.177,0.380,nan
8154000,4.177,0.380,nan
8156000,4.177,0.380,nan
8158000,4.177,0.380,nan
8160000,4.177,0.380,nan
8162000,4.177,0.380,nan
8164000,4.177,0.380,nan
8166000,4.177,0.380,nan
8168000,4.177,0.380,nan
8170000,4.177,0.380,nan
8172000,4.177,0.380,nan
8174000,4.177,0.380,nan
8176000,4.177,0.380,nan
8178000,4.177,0.380,nan
8180000,4.177,0.380,nan
8182000,4.177,0.380,nan
8184000,4.177,0.380,nan
8186000,4.177,0.380,nan
8188000,4.177,0.380,nan
8190000,4.177,0.380,nan
8192000,4.177,0.380,nan
8194000,4.177,0.380,nan
8196000,4.177,0.380,nan
8198000,4.177,0.380,nan
8200000,4.177,0.380,nan
8202000,4.177,0.380,nan
8204000,4.177,0.380,nan
8206000,4.177,0.380,nan
8208000,4.177,0.380,nan
8210000,4.177,0.380,nan
8212000,4.177,0.380,nan
8214000,4.177,0.380,nan
8216000,4.177,0.380,nan
8218000,4.177,0.380,nan
8220000,4.177,0.380,nan
8222000,4.177,0.380,nan
8224000,4.177,0.380,nan
8226000,4.177,0.380,nan
8228000,4.177,0.380,nan
8230000,4.177,0.380,nan
8232000,4.177,0.380,nan
8234000,4.177,0.380,nan
8236000,4.177,0.380,nan
8238000,4.177,0.380,nan
8240000,4.177,0.380,nan
8242000,4.177,0.380,nan
8244000,4.177,0.380,nan
8246000,4.177,0.380,nan
8248000,4.177,0.380,nan
8250000,4.177,0.380,nan
8252000,4.177,0.380,nan
8254000,4.177,0.380,nan
8256000,4.177,0.380,nan
8258000,4.177,0.380,nan
8260000,4.177,0.380,nan
8262000,4.177,0.380,nan
8264000,4.177,0.380,nan
8266000,4.177,0.380,nan
8268000,4.177,0.380,nan
8270000,4.177,0.380,nan
8272000,4.177,0.380,nan
8274000,4.177,0.380,nan
8276000,4.177,0.380,nan
8278000,4.177,0.380,nan
8280000,4.177,0.380,nan
8282000,4.177,0.380,nan
8284000,4.177,0.380,nan
8286000,4.177,0.380,nan
8288000,4.177,0.380,nan
8290000,4.177,0.380,nan
8292000,4.177,0.380,nan
8294000,4.177,0.380,nan
8296000,4.177,0.380,nan
8298000,4.177,0.380,nan
8300000,4.177,0.380,nan
8302000,4.177,0.380,nan
8304000,4.177,0.380,nan
8306000,4.177,0.380,nan
8308000,4.177,0.380,nan
8310000,4.177,0.380,nan
8312000,4.177,0.380,nan
8314000,4.177,0.380,nan
8316000,4.177,0.380,nan
8318000,4.177,0.380,nan
8320000,4.177,0.380,nan
8322000,4.177,0.380,nan
8324000,4.177,0.380,nan
8326000,4.177,0.380,nan
8328000,4.177,0.380,nan
8330000,4.177,0.380,nan
8332000,4.177,0.380,nan
8334000,4.177,0.380,nan
8336000,4.177,0.380,nan
8338000,4.177,0.380,nan
8340000,4.177,0.380,nan
8342000,4.177,0.380,nan
8344000,4.177,0.380,nan
8346000,4.177,0.380,nan
8348000,4.177,0.380,nan
8350000,4.177,0.380,nan
8352000,4.177,0.380,nan
8354000,4.177,0.380,nan
8356000,4.177,0.380,nan
8358000,4.177,0.380,nan
8360000,4.177,0.380,nan
8362000,4.177,0.380,nan
8364000,4.177,0.380,nan
8366000,4.177,0.380,nan
8368000,4.177,0.380,nan
8370000,4.177,0.380,nan
8372000,4.177,0.380,nan
8374000,4.177,0.380,nan
8376000,4.177,0.380,nan
8378000,4.177,0.380,nan
8380000,4.177,0.380,nan
8382000,4.177,0.380,nan
8384000,4.177,0.380,nan
8386000,4.177,0.380,nan
8388000,4.177,0.380,nan
8390000,4.177,0.380,nan
8392000,4.177,0.380,nan
8394000,4.177,0.380,nan
8396000,4.177,0.380,nan
8398000,4.177,0.380,nan
8400000,4.177,0.380,nan
8402000,4.177,0.380,nan
8404000,4.177,0.380,nan
8406000,4.177,0.380,nan
8408000,4.177,0.380,nan
8410000,4.177,0.380,nan
8412000,4.177,0.380,nan
8414000,4.177,0.380,nan
8416000,4.177,0.380,nan
8418000,4.177,0.380,nan
8420000,4.177,0.380,nan
8422000,4.177,0.380,nan
8424000,4.177,0.380,nan
8426000,4.177,0.380,nan
8428000,4.177,0.380,nan
8430000,4.177,0.380,nan
8432000,4.177,0.380,nan
8434000,4.177,0.380,nan
8436000,4.177,0.380,nan
8438000,4.177,0.380,nan
8440000,4.177,0.380,nan
8442000,4.177,0.380,nan
8444000,4.177,0.380,nan
8446000,4.177,0.380,nan
8448000,4.177,0.380,nan
8450000,4.177,0.380,nan
8452000,4.177,0.380,nan
8454000,4.177,0.380,nan
8456000,4.177,0.380,nan
8458000,4.177,0.380,nan
8460000,4.177,0.380,nan
8462000,4.177,0.380,nan
8464000,4.177,0.380,nan
8466000,4.177,0.380,nan
8468000,4.177,0.380,nan
8470000,4.177,0.380,nan
8472000,4.177,0.380,nan
8474000,4.177,0.380,nan
8476000,4.177,0.380,nan
8478000,4.177,0.380,nan
8480000,4.177,0.380,nan
8482000,4.177,0.380,nan
8484000,4.177,0.380,nan
8486000,4.177,0.380,nan
8488000,4.177,0.380,nan
8490000,4.177,0.380,nan
8492000,4.177,0.380,nan
8494000,4.177,0.380,nan
8496000,4.177,0.380,nan
8498000,4.177,0.380,nan
8500000,4.177,0.380,nan
8502000,4.177,0.380,nan
8504000,4.177,0.380,nan
8506000,4.177,0.380,nan
8508000,4.177,0.380,nan
8510000,4.177,0.380,nan
8512000,4.177,0.380,nan
8514000,4.177,0.380,nan
8516000,4.177,0.380,nan
8518000,4.177,0.380,nan
8520000,4.177,0.380,nan
8522000,4.177,0.380,nan
8524000,4.177,0.380,nan
8526000,4.177,0.380,nan
8528000,4.177,0.380,nan
8530000,4.177,0.380,nan
8532000,4.177,0.380,nan
8534000,4.177,0.380,nan
8536000,4.177,0.380,nan
8538000,4.177,0.380,nan
8540000,4.177,0.380,nan
8542000,4.177,0.380,nan
8544000,4.177,0.380,nan
8546000,4.177,0.380,nan
8548000,4.177,0.380,nan
8550000,4.177,0.380,nan
8552000,4.177,0.380,nan
8554000,4.177,0.380,nan
8556000,4.177,0.380,nan
8558000,4.177,0.380,nan
8560000,4.177,0.380,nan
8562000,4.177,0.380,nan
8564000,4.177,0.380,nan
8566000,4.177,0.380,nan
8568000,4.177,0.380,nan
8570000,4.177,0.380,nan
8572000,4.177,0.380,nan
8574000,4.177,0.380,nan
8576000,4.177,0.380,nan
8578000,4.177,0.380,nan
8580000,4.177,0.380,nan
8582000,4.177,0.380,nan
8584000,4.177,0.380,nan
8586000,4.177,0.380,nan
8588000,4.177,0.380,nan
8590000,4.177,0.380,nan
8592000,4.177,0.380,nan
8594000,4.177,0.380,nan
8596000,4.177,0.380,nan
8598000,4.177,0.380,nan
8600000,4.177,0.380,nan
8602000,4.177,0.380,nan
8604000,4.177,0.380,nan
8606000,4.177,0.380,nan
8608000,4.177,0.380,nan
8610000,4.177,0.380,nan
8612000,4.177,0.380,nan
8614000,4.177,0.380,nan
8616000,4.177,0.380,nan
8618000,4.177,0.380,nan
8620000,4.177,0.380,nan
8622000,4.177,0.380,nan
8624000,4.177,0.380,nan
8626000,4.177,0.380,nan
8628000,4.177,0.380,nan
8630000,4.177,0.380,nan
8632000,4.177,0.380,nan
8634000,4.177,0.380,nan
8636000,4.177,0.380,nan
8638000,4.177,0.380,nan
8640000,4.177,0.380,nan
8642000,4.177,0.380,nan
8644000,4.177,0.380,nan
8646000,4.177,0.380,nan
8648000,4.177,0.380,nan
8650000,4.177,0.380,nan
8652000,4.177,0.380,nan
8654000,4.177,0.380,nan
8656000,4.177,0.380,nan
8658000,4.177,0.380,nan
8660000,4.177,0.380,nan
8662000,4.177,0.380,nan
8664000,4.177,0.380,nan
8666000,4.177,0.380,nan
8668000,4.177,0.380,nan
8670000,4.177,0.380,nan
8672000,4.177,0.380,nan
8674000,4.177,0.380,nan
8676000,4.177,0.380,nan
8678000,4.177,0.380,nan
8680000,4.177,0.380,nan
8682000,4.177,0.380,nan
8684000,4.177,0.380,nan
8686000,4.177,0.380,nan
8688000,4.177,0.380,nan
8690000,4.177,0.380,nan
8692000,4.177,0.380,nan
8694000,4.177,0.380,nan
8696000,4.177,0.380,nan
8698000,4.177,0.380,nan
8700000,4.177,0.380,nan
8702000,4.177,0.380,nan
8704000,4.177,0.380,nan
8706000,4.177,0.380,nan
8708000,4.177,0.380,nan
8710000,4.177,0.380,nan
8712000,4.177,0.380,nan
8714000,4.177,0.380,nan
8716000,4.177,0.380,nan
8718000,4.177,0.380,nan
8720000,4.177,0.380,nan
8722000,4.177,0.380,nan
8724000,4.177,0.380,nan
8726000,4.177,0.380,nan
8728000,4.177,0.380,nan
8730000,4.177,0.380,nan
8732000,4.177,0.380,nan
8734000,4.177,0.380,nan
8736000,4.177,0.380,nan
8738000,4.177,0.380,nan
8740000,4.177,0.380,nan
8742000,4.177,0.380,nan
8744000,4.177,0.380,nan
8746000,4.177,0.380,nan
8748000,4.177,0.380,nan
8750000,4.177,0.380,nan
8752000,4.177,0.380,nan
8754000,4.177,0.380,nan
8756000,4.177,0.380,nan
8758000,4.177,0.380,nan
8760000,4.177,0.380,nan
8762000,4.177,0.380,nan
8764000,4.177,0.380,nan
8766000,4.177,0.380,nan
8768000,4.177,0.380,nan
8770000,4.177,0.380,nan
8772000,4.177,0.380,nan
8774000,4.177,0.380,nan
8776000,4.177,0.380,nan
8778000,4.177,0.380,nan
8780000,4.177,0.380,nan
8782000,4.177,0.380,nan
8784000,4.177,0.380,nan
8786000,4.177,0.380,nan
8788000,4.177,0.380,nan
8790000,4.177,0.380,nan
8792000,4.177,0.380,nan
8794000,4.177,0.380,nan
8796000,4.177,0.380,nan
8798000,4.177,0.380,nan
8800000,4.177,0.380,nan
8802000,4.177,0.380,nan
8804000,4.177,0.380,nan
8806000,4.177,0.380,nan
8808000,4.177,0.380,nan
8810000,4.177,0.380,nan
8812000,4.177,0.380,nan
8814000,4.177,0.380,nan
8816000,4.177,0.380,nan
8818000,4.177,0.380,nan
8820000,4.177,0.380,nan
8822000,4.177,0.380,nan
8824000,4.177,0.380,nan
8826000,4.177,0.380,nan
8828000,4.177,0.380,nan
8830000,4.177,0.380,nan
8832000,4.177,0.380,nan
8834000,4.177,0.380,nan
8836000,4.177,0.380,nan
8838000,4.177,0.380,nan
8840000,4.177,0.380,nan
8842000,4.177,0.380,nan
8844000,4.177,0.380,nan
8846000,4.177,0.380,nan
8848000,4.177,0.380,nan
8850000,4.177,0.380,nan
8852000,4.177,0.380,nan
8854000,4.177,0.380,nan
8856000,4.177,0.380,nan
8858000,4.177,0.380,nan
8860000,4.177,0.380,nan
8862000,4.177,0.380,nan
8864000,4.177,0.380,nan
8866000,4.177,0.380,nan
8868000,4.177,0.380,nan
8870000,4.177,0.380,nan
8872000,4.177,0.380,nan
8874000,4.177,0.380,nan
8876000,4.177,0.380,nan
8878000,4.177,0.380,nan
8880000,4.177,0.380,nan
8882000,4.177,0.380,nan
8884000,4.177,0.380,nan
8886000,4.177,0.380,nan
8888000,4.177,0.380,nan
8890000,4.177,0.380,nan
8892000,4.177,0.380,nan
8894000,4.177,0.380,nan
8896000,4.177,0.380,nan
8898000,4.177,0.380,nan
8900000,4.177,0.380,nan
8902000,4.177,0.380,nan
8904000,4.177,0.380,nan
8906000,4.177,0.380,nan
8908000,4.177,0.380,nan
8910000,4.177,0.380,nan
8912000,4.177,0.380,nan
8914000,4.177,0.380,nan
8916000,4.177,0.380,nan
8918000,4.177,0.380,nan
8920000,4.177,0.380,nan
8922000,4.177,0.380,nan
8924000,4.177,0.380,nan
8926000,4.177,0.380,nan
8928000,4.177,0.380,nan
8930000,4.177,0.380,nan
8932000,4.177,0.380,nan
8934000,4.177,0.380,nan
8936000,4.177,0.380,nan
8938000,4.177,0.380,nan
8940000,4.177,0.380,nan
8942000,4.177,0.380,nan
8944000,4.177,0.380,nan
8946000,4.177,0.380,nan
8948000,4.177,0.380,nan
8950000,4.177,0.380,nan
8952000,4.177,0.380,nan
8954000,4.177,0.380,nan
8956000,4.177,0.380,nan
8958000,4.177,0.380,nan
8960000,4.177,0.380,nan
8962000,4.177,0.380,nan
8964000,4.177,0.380,nan
8966000,4.177,0.380,nan
8968000,4.177,0.380,nan
8970000,4.177,0.380,nan
8972000,4.177,0.380,nan
8974000,4.177,0.380,nan
8976000,4.177,0.380,nan
8978000,4.177,0.380,nan
8980000,4.177,0.380,nan
8982000,4.177,0.380,nan
8984000,4.177,0.380,nan
8986000,4.177,0.380,nan
8988000,4.177,0.380,nan
8990000,4.177,0.380,nan
8992000,4.177,0.380,nan
8994000,4.177,0.380,nan
8996000,4.177,0.380,nan
8998000,4.177,0.380,nan
9000000,4.177,0.380,nan
9002000,4.177,0.380,nan
9004000,4.177,0.380,nan
9006000,4.177,0.380,nan
9008000,4.177,0.380,nan
9010000,4.177,0.380,nan
9012000,4.177,0.380,nan
9014000,4.177,0.380,nan
9016000,4.177,0.380,nan
9018000,4.177,0.380,nan
9020000,4.177,0.380,nan
9022000,4.177,0.380,nan
9024000,4.177,0.380,nan
9026000,4.177,0.380,nan
9028000,4.177,0.380,nan
9030000,4.177,0.380,nan
9032000,4.177,0.380,nan
9034000,4.177,0.380,nan
9036000,4.177,0.380,nan
9038000,4.177,0.380,nan
9040000,4.177,0.380,nan
9042000,4.177,0.380,nan
9044000,4.177,0.380,nan
9046000,4.177,0.380,nan
9048000,4.177,0.380,nan
9050000,4.177,0.380,nan
9052000,4.177,0.380,nan
9054000,4.177,0.380,nan
9056000,4.177,0.380,nan
9058000,4.177,0.380,nan
9060000,4.177,0.380,nan
9062000,4.177,0.380,nan
9064000,4.177,0.380,nan
9066000,4.177,0.380,nan
9068000,4.177,0.380,nan
9070000,4.177,0.380,nan
9072000,4.177,0.380,nan
9074000,4.177,0.380,nan
9076000,4.177,0.380,nan
9078000,4.177,0.380,nan
9080000,4.177,0.380,nan
9082000,4.177,0.380,nan
9084000,4.177,0.380,nan
9086000,4.177,0.380,nan
9088000,4.177,0.380,nan
9090000,4.177,0.380,nan
9092000,4.177,0.380,nan
9094000,4.177,0.380,nan
9096000,4.177,0.380,nan
9098000,4.177,0.380,nan
9100000,4.177,0.380,nan
9102000,4.177,0.380,nan
9104000,4.177,0.380,nan
9106000,4.177,0.380,nan
9108000,4.177,0.380,nan
9110000,4.177,0.380,nan
9112000,4.177,0.380,nan
9114000,4.177,0.380,nan
9116000,4.177,0.380,nan
9118000,4.177,0.380,nan
9120000,4.177,0.380,nan
9122000,4.177,0.380,nan
9124000,4.177,0.380,nan
9126000,4.177,0.380,nan
9128000,4.177,0.380,nan
9130000,4.177,0.380,nan
9132000,4.177,0.380,nan
9134000,4.177,0.380,nan
9136000,4.177,0.380,nan
9138000,4.177,0.380,nan
9140000,4.177,0.380,nan
9142000,4.177,0.380,nan
9144000,4.177,0.380,nan
9146000,4.177,0.380,nan
9148000,4.177,0.380,nan
9150000,4.177,0.380,nan
9152000,4.177,0.380,nan
9154000,4.177,0.380,nan
9156000,4.177,0.380,nan
9158000,4.177,0.380,nan
9160000,4.177,0.380,nan
9162000,4.177,0.380,nan
9164000,4.177,0.380,nan
9166000,4.177,0.380,nan
9168000,4.177,0.380,nan
9170000,4.177,0.380,nan
9172000,4.177,0.380,nan
9174000,4.177,0.380,nan
9176000,4.177,0.380,nan
9178000,4.177,0.380,nan
9180000,4.177,0.380,nan
9182000,4.177,0.380,nan
9184000,4.177,0.380,nan
9186000,4.177,0.380,nan
9188000,4.177,0.380,nan
9190000,4.177,0.380,nan
9192000,4.177,0.380,nan
9194000,4.177,0.380,nan
9196000,4.177,0.380,nan
9198000,4.177,0.380,nan
9200000,4.177,0.380,nan
9202000,4.177,0.380,nan
9204000,4.177,0.380,nan
9206000,4.177,0.380,nan
9208000,4.177,0.380,nan
9210000,4.177,0.380,nan
9212000,4.177,0.380,nan
9214000,4.177,0.380,nan
9216000,4.177,0.380,nan
9218000,4.177,0.380,nan
9220000,4.177,0.380,nan
9222000,4.177,0.380,nan
9224000,4.177,0.380,nan
9226000,4.177,0.380,nan
9228000,4.177,0.380,nan
9230000,4.177,0.380,nan
9232000,4.177,0.380,nan
9234000,4.177,0.380,nan
9236000,4.177,0.380,nan
9238000,4.177,0.380,nan
9240000,4.177,0.380,nan
9242000,4.177,0.380,nan
9244000,4.177,0.380,nan
9246000,4.177,0.380,nan
9248000,4.177,0.380,nan
9250000,4.177,0.380,nan
9252000,4.177,0.380,nan
9254000,4.177,0.380,nan
9256000,4.177,0.380,nan
9258000,4.177,0.380,nan
9260000,4.177,0.380,nan
9262000,4.177,0.380,nan
9264000,4.177,0.380,nan
9266000,4.177,0.380,nan
9268000,4.177,0.380,nan
9270000,4.177,0.380,nan
9272000,4.177,0.380,nan
9274000,4.177,0.380,nan
9276000,4.177,0.380,nan
9278000,4.177,0.380,nan
9280000,4.177,0.380,nan
9282000,4.177,0.380,nan
9284000,4.177,0.380,nan
9286000,4.177,0.380,nan
9288000,4.177,0.380,nan
9290000,4.177,0.380,nan
9292000,4.177,0.380,nan
9294000,4.177,0.380,nan
9296000,4.177,0.380,nan
9298000,4.177,0.380,nan
9300000,4.177,0.380,nan
9302000,4.177,0.380,nan
9304000,4.177,0.380,nan
9306000,4.177,0.380,nan
9308000,4.177,0.380,nan
9310000,4.177,0.380,nan
9312000,4.177,0.380,nan
9314000,4.177,0.380,nan
9316000,4.177,0.380,nan
9318000,4.177,0.380,nan
9320000,4.177,0.380,nan
9322000,4.177,0.380,nan
9324000,4.177,0.380,nan
9326000,4.177,0.380,nan
9328000,4.177,0.380,nan
9330000,4.177,0.380,nan
9332000,4.177,0.380,nan
9334000,4.177,0.380,nan
9336000,4.177,0.380,nan
9338000,4.177,0.380,nan
9340000,4.177,0.380,nan
9342000,4.177,0.380,nan
9344000,4.177,0.380,nan
9346000,4.177,0.380,nan
9348000,4.177,0.380,nan
9350000,4.177,0.380,nan
9352000,4.177,0.380,nan
9354000,4.177,0.380,nan
9356000,4.177,0.380,nan
9358000,4.177,0.380,nan
9360000,4.177,0.380,nan
9362000,4.177,0.380,nan
9364000,4.177,0.380,nan
9366000,4.177,0.380,nan
9368000,4.177,0.380,nan
9370000,4.177,0.380,nan
9372000,4.177,0.380,nan
9374000,4.177,0.380,nan
9376000,4.177,0.380,nan
9378000,4.177,0.380,nan
9380000,4.177,0.380,nan
9382000,4.177,0.380,nan
9384000,4.177,0.380,nan
9386000,4.177,0.380,nan
9388000,4.177,0.380,nan
9390000,4.177,0.380,nan
9392000,4.177,0.380,nan
9394000,4.177,0.380,nan
9396000,4.177,0.380,nan
9398000,4.177,0.380,nan
9400000,4.177,0.380,nan
9402000,4.177,0.380,nan
9404000,4.177,0.380,nan
9406000,4.177,0.380,nan
9408000,4.177,0.380,nan
9410000,4.177,0.380,nan
9412000,4.177,0.380,nan
9414000,4.177,0.380,nan
9416000,4.177,0.380,nan
9418000,4.177,0.380,nan
9420000,4.177,0.380,nan
9422000,4.177,0.380,nan
9424000,4.177,0.380,nan
9426000,4.177,0.380,nan
9428000,4.177,0.380,nan
9430000,4.177,0.380,nan
9432000,4.177,0.380,nan
9434000,4.177,0.380,nan
9436000,4.177,0.380,nan
9438000,4.177,0.380,nan
9440000,4.177,0.380,nan
9442000,4.177,0.380,nan
9444000,4.177,0.380,nan
9446000,4.177,0.380,nan
9448000,4.177,0.380,nan
9450000,4.177,0.380,nan
9452000,4.177,0.380,nan
9454000,4.177,0.380,nan
9456000,4.177,0.380,nan
9458000,4.177,0.380,nan
9460000,4.177,0.380,nan
9462000,4.177,0.380,nan
9464000,4.177,0.380,nan
9466000,4.177,0.380,nan
9468000,4.177,0.380,nan
9470000,4.177,0.380,nan
9472000,4.177,0.380,nan
9474000,4.177,0.380,nan
9476000,4.177,0.380,nan
9478000,4.177,0.380,nan
9480000,4.177,0.380,nan
9482000,4.177,0.380,nan
9484000,4.177,0.380,nan
9486000,4.177,0.380,nan
9488000,4.177,0.380,nan
9490000,4.177,0.380,nan
9492000,4.177,0.380,nan
9494000,4.177,0.380,nan
9496000,4.177,0.380,nan
9498000,4.177,0.380,nan
9500000,4.177,0.380,nan
9502000,4.177,0.380,nan
9504000,4.177,0.380,nan
9506000,4.177,0.380,nan
9508000,4.177,0.380,nan
9510000,4.177,0.380,nan
9512000,4.177,0.380,nan
9514000,4.177,0.380,nan
9516000,4.177,0.380,nan
9518000,4.177,0.380,nan
9520000,4.177,0.380,nan
9522000,4.177,0.380,nan
9524000,4.177,0.380,nan
9526000,4.177,0.380,nan
9528000,4.177,0.380,nan
9530000,4.177,0.380,nan
9532000,4.177,0.380,nan
9534000,4.177,0.380,nan
9536000,4.177,0.380,nan
9538000,4.177,0.380,nan
9540000,4.177,0.380,nan
9542000,4.177,0.380,nan
9544000,4.177,0.380,nan
9546000,4.177,0.380,nan
9548000,4.177,0.380,nan
9550000,4.177,0.380,nan
9552000,4.177,0.380,nan
9554000,4.177,0.380,nan
9556000,4.177,0.380,nan
9558000,4.177,0.380,nan
9560000,4.177,0.380,nan
9562000,4.177,0.380,nan
9564000,4.177,0.380,nan
9566000,4.177,0.380,nan
9568000,4.177,0.380,nan
9570000,4.177,0.380,nan
9572000,4.177,0.380,nan
9574000,4.177,0.380,nan
9576000,4.177,0.380,nan
9578000,4.177,0.380,nan
9580000,4.177,0.380,nan
9582000,4.177,0.380,nan
9584000,4.177,0.380,nan
9586000,4.177,0.380,nan
9588000,4.177,0.380,nan
9590000,4.177,0.380,nan
9592000,4.177,0.380,nan
9594000,4.177,0.380,nan
9596000,4.177,0.380,nan
9598000,4.177,0.380,nan
9600000,4.177,0.380,nan
9602000,4.177,0.380,nan
9604000,4.177,0.380,nan
9606000,4.177,0.380,nan
9608000,4.177,0.380,nan
9610000,4.177,0.380,nan
9612000,4.177,0.380,nan
9614000,4.177,0.380,nan
9616000,4.177,0.380,nan
9618000,4.177,0.380,nan
9620000,4.177,0.380,nan
9622000,4.177,0.380,nan
9624000,4.177,0.380,nan
9626000,4.177,0.380,nan
9628000,4.177,0.380,nan
9630000,4.177,0.380,nan
9632000,4.177,0.380,nan
9634000,4.177,0.380,nan
9636000,4.177,0.380,nan
9638000,4.177,0.380,nan
9640000,4.177,0.380,nan
9642000,4.177,0.380,nan
9644000,4.177,0.380,nan
9646000,4.177,0.380,nan
9648000,4.177,0.380,nan
9650000,4.177,0.380,nan
9652000,4.177,0.380,nan
9654000,4.177,0.380,nan
9656000,4.177,0.380,nan
9658000,4.177,0.380,nan
9660000,4.177,0.380,nan
9662000,4.177,0.380,nan
9664000,4.177,0.380,nan
9666000,4.177,0.380,nan
9668000,4.177,0.380,nan
9670000,4.177,0.380,nan
9672000,4.177,0.380,nan
9674000,4.177,0.380,nan
9676000,4.177,0.380,nan
9678000,4.177,0.380,nan
9680000,4.177,0.380,nan
9682000,4.177,0.380,nan
9684000,4.177,0.380,nan
9686000,4.177,0.380,nan
9688000,4.177,0.380,nan
9690000,4.177,0.380,nan
9692000,4.177,0.380,nan
9694000,4.177,0.380,nan
9696000,4.177,0.380,nan
9698000,4.177,0.380,nan
9700000,4.177,0.380,nan
9702000,4.177,0.380,nan
9704000,4.177,0.380,nan
9706000,4.177,0.380,nan
9708000,4.177,0.380,nan
9710000,4.177,0.380,nan
9712000,4.177,0.380,nan
9714000,4.177,0.380,nan
9716000,4.177,0.380,nan
9718000,4.177,0.380,nan
9720000,4.177,0.380,nan
9722000,4.177,0.380,nan
9724000,4.177,0.380,nan
9726000,4.177,0.380,nan
9728000,4.177,0.380,nan
9730000,4.177,0.380,nan
9732000,4.177,0.380,nan
9734000,4.177,0.380,nan
9736000,4.177,0.380,nan
9738000,4.177,0.380,nan
9740000,4.177,0.380,nan
9742000,4.177,0.380,nan
9744000,4.177,0.380,nan
9746000,4.177,0.380,nan
9748000,4.177,0.380,nan
9750000,4.177,0.380,nan
9752000,4.177,0.380,nan
9754000,4.177,0.380,nan
9756000,4.177,0.380,nan
9758000,4.177,0.380,nan
9760000,4.177,0.380,nan
9762000,4.177,0.380,nan
9764000,4.177,0.380,nan
9766000,4.177,0.380,nan
9768000,4.177,0.380,nan
9770000,4.177,0.380,nan
9772000,4.177,0.380,nan
9774000,4.177,0.380,nan
9776000,4.177,0.380,nan
9778000,4.177,0.380,nan
9780000,4.177,0.380,nan
9782000,4.177,0.380,nan
9784000,4.177,0.380,nan
9786000,4.177,0.380,nan
9788000,4.177,0.380,nan
9790000,4.177,0.380,nan
9792000,4.177,0.380,nan
9794000,4.177,0.380,nan
9796000,4.177,0.380,nan
9798000,4.177,0.380,nan
9800000,4.177,0.380,nan
9802000,4.177,0.380,nan
9804000,4.177,0.380,nan
9806000,4.177,0.380,nan
9808000,4.177,0.380,nan
9810000,4.177,0.380,nan
9812000,4.177,0.380,nan
9814000,4.177,0.380,nan
9816000,4.177,0.380,nan
9818000,4.177,0.380,nan
9820000,4.177,0.380,nan
9822000,4.177,0.380,nan
9824000,4.177,0.380,nan
9826000,4.177,0.380,nan
9828000,4.177,0.380,nan
9830000,4.177,0.380,nan
9832000,4.177,0.380,nan
9834000,4.177,0.380,nan
9836000,4.177,0.380,nan
9838000,4.177,0.380,nan
9840000,4.177,0.380,nan
9842000,4.177,0.380,nan
9844000,4.177,0.380,nan
9846000,4.177,0.380,nan
9848000,4.177,0.380,nan
9850000,4.177,0.380,nan
9852000,4.177,0.380,nan
9854000,4.177,0.380,nan
9856000,4.177,0.380,nan
9858000,4.177,0.380,nan
9860000,4.177,0.380,nan
9862000,4.177,0.380,nan
9864000,4.177,0.380,nan
9866000,4.177,0.380,nan
9868000,4.177,0.380,nan
9870000,4.177,0.380,nan
9872000,4.177,0.380,nan
9874000,4.177,0.380,nan
9876000,4.177,0.380,nan
9878000,4.177,0.380,nan
9880000,4.177,0.380,nan
9882000,4.177,0.380,nan
9884000,4.177,0.380,nan
9886000,4.177,0.380,nan
9888000,4.177,0.380,nan
9890000,4.177,0.380,nan
9892000,4.177,0.380,nan
9894000,4.177,0.380,nan
9896000,4.177,0.380,nan
9898000,4.177,0.380,nan
9900000,4.177,0.380,nan
9902000,4.177,0.380,nan
9904000,4.177,0.380,nan
9906000,4.177,0.380,nan
9908000,4.177,0.380,nan
9910000,4.177,0.380,nan
9912000,4.177,0.380,nan
9914000,4.177,0.380,nan
9916000,4.177,0.380,nan
9918000,4.177,0.380,nan
9920000,4.177,0.380,nan
9922000,4.177,0.380,nan
9924000,4.177,0.380,nan
9926000,4.177,0.380,nan
9928000,4.177,0.380,nan
9930000,4.177,0.380,nan
9932000,4.177,0.380,nan
9934000,4.177,0.380,nan
9936000,4.177,0.380,nan
9938000,4.177,0.380,nan
9940000,4.177,0.380,nan
9942000,4.177,0.380,nan
9944000,4.177,0.380,nan
9946000,4.177,0.380,nan
9948000,4.177,0.380,nan
9950000,4.177,0.380,nan
9952000,4.177,0.380,nan
9954000,4.177,0.380,nan
9956000,4.177,0.380,nan
9958000,4.177,0.380,nan
9960000,4.177,0.380,nan
9962000,4.177,0.380,nan
9964000,4.177,0.380,nan
9966000,4.177,0.380,nan
9968000,4.177,0.380,nan
9970000,4.177,0.380,nan
9972000,4.177,0.380,nan
9974000,4.177,0.380,nan
9976000,4.177,0.380,nan
9978000,4.177,0.380,nan
9980000,4.177,0.380,nan
9982000,4.177,0.380,nan
9984000,4.177,0.380,nan
9986000,4.177,0.380,nan
9988000,4.177,0.380,nan
9990000,4.177,0.380,nan
9992000,4.177,0.380,nan
9994000,4.177,0.380,nan
9996000,4.177,0.380,nan
9998000,4.177,0.380,nan
10000000,4.177,0.380,nan
10002000,4.177,0.380,nan
10004000,4.177,0.380,nan
10006000,4.177,0.380,nan
10008000,4.177,0.380,nan
10010000,4.177,0.380,nan
10012000,4.177,0.380,nan
10014000,4.177,0.380,nan
10016000,4.177,0.380,nan
10018000,4.177,0.380,nan
10020000,4.177,0.380,nan
10022000,4.177,0.380,nan
10024000,4.177,0.380,nan
10026000,4.177,0.380,nan
10028000,4.177,0.380,nan
10030000,4.177,0.380,nan
10032000,4.177,0.380,nan
10034000,4.177,0.380,nan
10036000,4.177,0.380,nan
10038000,4.177,0.380,nan
10040000,4.177,0.380,nan
10042000,4.177,0.380,nan
10044000,4.177,0.380,nan
10046000,4.177,0.380,nan
10048000,4.177,0.380,nan
10050000,4.177,0.380,nan
10052000,4.177,0.380,nan
10054000,4.177,0.380,nan
10056000,4.177,0.380,nan
10058000,4.177,0.380,nan
10060000,4.177,0.380,nan
10062000,4.177,0.380,nan
10064000,4.177,0.380,nan
10066000,4.177,0.380,nan
10068000,4.177,0.380,nan
10070000,4.177,0.380,nan
10072000,4.177,0.380,nan
10074000,4.177,0.380,nan
10076000,4.177,0.380,nan
10078000,4.177,0.380,nan
10080000,4.177,0.380,nan
10082000,4.177,0.380,nan
10084000,4.177,0.380,nan
10086000,4.177,0.380,nan
10088000,4.177,0.380,nan
10090000,4.177,0.380,nan
10092000,4.177,0.380,nan
10094000,4.177,0.380,nan
10096000,4.177,0.380,nan
10098000,4.177,0.380,nan
10100000,4.177,0.380,nan
10102000,4.177,0.380,nan
10104000,4.177,0.380,nan
10106000,4.177,0.380,nan
10108000,4.177,0.380,nan
10110000,4.177,0.380,nan
10112000,4.177,0.380,nan
10114000,4.177,0.380,nan
10116000,4.177,0.380,nan
10118000,4.177,0.380,nan
10120000,4.177,0.380,nan
10122000,4.177,0.380,nan
10124000,4.177,0.380,nan
10126000,4.177,0.380,nan
10128000,4.177,0.380,nan
10130000,4.177,0.380,nan
10132000,4.177,0.380,nan
10134000,4.177,0.380,nan
10136000,4.177,0.380,nan
10138000,4.177,0.380,nan
10140000,4.177,0.380,nan
10142000,4.177,0.380,nan
10144000,4.177,0.380,nan
10146000,4.177,0.380,nan
10148000,4.177,0.380,nan
10150000,4.177,0.380,nan
10152000,4.177,0.380,nan
10154000,4.177,0.380,nan
10156000,4.177,0.380,nan
10158000,4.177,0.380,nan
10160000,4.177,0.380,nan
10162000,4.177,0.380,nan
10164000,4.177,0.380,nan
10166000,4.177,0.380,nan
10168000,4.177,0.380,nan
10170000,4.177,0.380,nan
10172000,4.177,0.380,nan
10174000,4.177,0.380,nan
10176000,4.177,0.380,nan
10178000,4.177,0.380,nan
10180000,4.177,0.380,nan
10182000,4.177,0.380,nan
10184000,4.177,0.380,nan
10186000,4.177,0.380,nan
10188000,4.177,0.380,nan
10190000,4.177,0.380,nan
10192000,4.177,0.380,nan
10194000,4.177,0.380,nan
10196000,4.177,0.380,nan
10198000,4.177,0.380,nan
10200000,4.177,0.380,nan
10202000,4.177,0.380,nan
10204000,4.177,0.380,nan
10206000,4.177,0.380,nan
10208000,4.177,0.380,nan
10210000,4.177,0.380,nan
10212000,4.177,0.380,nan
10214000,4.177,0.380,nan
10216000,4.177,0.380,nan
10218000,4.177,0.380,nan
10220000,4.177,0.380,nan
10222000,4.177,0.380,nan
10224000,4.177,0.380,nan
10226000,4.177,0.380,nan
10228000,4.177,0.380,nan
10230000,4.177,0.380,nan
10232000,4.177,0.380,nan
10234000,4.177,0.380,nan
10236000,4.177,0.380,nan
10238000,4.177,0.380,nan
10240000,4.177,0.380,nan
10242000,4.177,0.380,nan
10244000,4.177,0.380,nan
10246000,4.177,0.380,nan
10248000,4.177,0.380,nan
10250000,4.177,0.380,nan
10252000,4.177,0.380,nan
10254000,4.177,0.380,nan
10256000,4.177,0.380,nan
10258000,4.177,0.380,nan
10260000,4.177,0.380,nan
10262000,4.177,0.380,nan
10264000,4.177,0.380,nan
10266000,4.177,0.380,nan
10268000,4.177,0.380,nan
10270000,4.177,0.380,nan
10272000,4.177,0.380,nan
10274000,4.177,0.380,nan
10276000,4.177,0.380,nan
10278000,4.177,0.380,nan
10280000,4.177,0.380,nan
10282000,4.177,0.380,nan
10284000,4.177,0.380,nan
10286000,4.177,0.380,nan
10288000,4.177,0.380,nan
10290000,4.177,0.380,nan
10292000,4.177,0.380,nan
10294000,4.177,0.380,nan
10296000,4.177,0.380,nan
10298000,4.177,0.380,nan
10300000,4.177,0.380,nan
10302000,4.177,0.380,nan
10304000,4.177,0.380,nan
10306000,4.177,0.380,nan
10308000,4.177,0.380,nan
10310000,4.177,0.380,nan
10312000,4.177,0.380,nan
10314000,4.177,0.380,nan
10316000,4.177,0.380,nan
10318000,4.177,0.380,nan
10320000,4.177,0.380,nan
10322000,4.177,0.380,nan
10324000,4.177,0.380,nan
10326000,4.177,0.380,nan
10328000,4.177,0.380,nan
10330000,4.177,0.380,nan
10332000,4.177,0.380,nan
10334000,4.177,0.380,nan
10336000,4.177,0.380,nan
10338000,4.177,0.380,nan
10340000,4.177,0.380,nan
10342000,4.177,0.380,nan
10344000,4.177,0.380,nan
10346000,4.177,0.380,nan
10348000,4.177,0.380,nan
10350000,4.177,0.380,nan
10352000,4.177,0.380,nan
10354000,4.177,0.380,nan
10356000,4.177,0.380,nan
10358000,4.177,0.380,nan
10360000,4.177,0.380,nan
10362000,4.177,0.380,nan
10364000,4.177,0.380,nan
10366000,4.177,0.380,nan
10368000,4.177,0.380,nan
10370000,4.177,0.380,nan
10372000,4.177,0.380,nan
10374000,4.177,0.380,nan
10376000,4.177,0.380,nan
10378000,4.177,0.380,nan
10380000,4.177,0.380,nan
10382000,4.177,0.380,nan
10384000,4.177,0.380,nan
10386000,4.177,0.380,nan
10388000,4.177,0.380,nan
10390000,4.177,0.380,nan
10392000,4.177,0.380,nan
10394000,4.177,0.380,nan
10396000,4.177,0.380,nan
10398000,4.177,0.380,nan
10400000,4.177,0.380,nan
10402000,4.177,0.380,nan
10404000,4.177,0.380,nan
10406000,4.177,0.380,nan
10408000,4.177,0.380,nan
10410000,4.177,0.380,nan
10412000,4.177,0.380,nan
10414000,4.177,0.380,nan
10416000,4.177,0.380,nan
10418000,4.177,0.380,nan
10420000,4.177,0.380,nan
10422000,4.177,0.380,nan
10424000,4.177,0.380,nan
10426000,4.177,0.380,nan
10428000,4.177,0.380,nan
10430000,4.177,0.380,nan
10432000,4.177,0.380,nan
10434000,4.177,0.380,nan
10436000,4.177,0.380,nan
10438000,4.177,0.380,nan
10440000,4.177,0.380,nan
10442000,4.177,0.380,nan
10444000,4.177,0.380,nan
10446000,4.177,0.380,nan
10448000,4.177,0.380,nan
10450000,4.177,0.380,nan
10452000,4.177,0.380,nan
10454000,4.177,0.380,nan
10456000,4.177,0.380,nan
10458000,4.177,0.380,nan
10460000,4.177,0.380,nan
10462000,4.177,0.380,nan
10464000,4.177,0.380,nan
10466000,4.177,0.380,nan
10468000,4.177,0.380,nan
10470000,4.177,0.380,nan
10472000,4.177,0.380,nan
10474000,4.177,0.380,nan
10476000,4.177,0.380,nan
10478000,4.177,0.380,nan
10480000,4.177,0.380,nan
10482000,4.177,0.380,nan
10484000,4.177,0.380,nan
10486000,4.177,0.380,nan
10488000,4.177,0.380,nan
10490000,4.177,0.380,nan
10492000,4.177,0.380,nan
10494000,4.177,0.380,nan
10496000,4.177,0.380,nan
10498000,4.177,0.380,nan
10500000,4.177,0.380,nan
10502000,4.177,0.380,nan
10504000,4.177,0.380,nan
10506000,4.177,0.380,nan
10508000,4.177,0.380,nan
10510000,4.177,0.380,nan
10512000,4.177,0.380,nan
10514000,4.177,0.380,nan
10516000,4.177,0.380,nan
10518000,4.177,0.380,nan
10520000,4.177,0.380,nan
10522000,4.177,0.380,nan
10524000,4.177,0.380,nan
10526000,4.177,0.380,nan
10528000,4.177,0.380,nan
10530000,4.177,0.380,nan
10532000,4.177,0.380,nan
10534000,4.177,0.380,nan
10536000,4.177,0.380,nan
10538000,4.177,0.380,nan
10540000,4.177,0.380,nan
10542000,4.177,0.380,nan
10544000,4.177,0.380,nan
10546000,4.177,0.380,nan
10548000,4.177,0.380,nan
10550000,4.177,0.380,nan
10552000,4.177,0.380,nan
10554000,4.177,0.380,nan
10556000,4.177,0.380,nan
10558000,4.177,0.380,nan
10560000,4.177,0.380,nan
10562000,4.177,0.380,nan
10564000,4.177,0.380,nan
10566000,4.177,0.380,nan
10568000,4.177,0.380,nan
10570000,4.177,0.380,nan
10572000,4.177,0.380,nan
10574000,4.177,0.380,nan
10576000,4.177,0.380,nan
10578000,4.177,0.380,nan
10580000,4.177,0.380,nan
10582000,4.177,0.380,nan
10584000,4.177,0.380,nan
10586000,4.177,0.380,nan
10588000,4.177,0.380,nan
10590000,4.177,0.380,nan
10592000,4.177,0.380,nan
10594000,4.177,0.380,nan
10596000,4.177,0.380,nan
10598000,4.177,0.380,nan
10600000,4.177,0.380,nan
10602000,4.177,0.380,nan
10604000,4.177,0.380,nan
10606000,4.177,0.380,nan
10608000,4.177,0.380,nan
10610000,4.177,0.380,nan
10612000,4.177,0.380,nan
10614000,4.177,0.380,nan
10616000,4.177,0.380,nan
10618000,4.177,0.380,nan
10620000,4.177,0.380,nan
10622000,4.177,0.380,nan
10624000,4.177,0.380,nan
10626000,4.177,0.380,nan
10628000,4.177,0.380,nan
10630000,4.177,0.380,nan
10632000,4.177,0.380,nan
10634000,4.177,0.380,nan
10636000,4.177,0.380,nan
10638000,4.177,0.380,nan
10640000,4.177,0.380,nan
10642000,4.177,0.380,nan
10644000,4.177,0.380,nan
10646000,4.177,0.380,nan
10648000,4.177,0.380,nan
10650000,4.177,0.380,nan
10652000,4.177,0.380,nan
10654000,4.177,0.380,nan
10656000,4.177,0.380,nan
10658000,4.177,0.380,nan
10660000,4.177,0.380,nan
10662000,4.177,0.380,nan
10664000,4.177,0.380,nan
10666000,4.177,0.380,nan
10668000,4.177,0.380,nan
10670000,4.177,0.380,nan
10672000,4.177,0.380,nan
10674000,4.177,0.380,nan
10676000,4.177,0.380,nan
10678000,4.177,0.380,nan
10680000,4.177,0.380,nan
10682000,4.177,0.380,nan
10684000,4.177,0.380,nan
10686000,4.177,0.380,nan
10688000,4.177,0.380,nan
10690000,4.177,0.380,nan
10692000,4.177,0.380,nan
10694000,4.177,0.380,nan
10696000,4.177,0.380,nan
10698000,4.177,0.380,nan
10700000,4.177,0.380,nan
10702000,4.177,0.380,nan
10704000,4.177,0.380,nan
10706000,4.177,0.380,nan
10708000,4.177,0.380,nan
10710000,4.177,0.380,nan
10712000,4.177,0.380,nan
10714000,4.177,0.380,nan
10716000,4.177,0.380,nan
10718000,4.177,0.380,nan
10720000,4.177,0.380,nan
10722000,4.177,0.380,nan
10724000,4.177,0.380,nan
10726000,4.177,0.380,nan
10728000,4.177,0.380,nan
10730000,4.177,0.380,nan
10732000,4.177,0.380,nan
10734000,4.177,0.380,nan
10736000,4.177,0.380,nan
10738000,4.177,0.380,nan
10740000,4.177,0.380,nan
10742000,4.177,0.380,nan
10744000,4.177,0.380,nan
10746000,4.177,0.380,nan
10748000,4.177,0.380,nan
10750000,4.177,0.380,nan
10752000,4.177,0.380,nan
10754000,4.177,0.380,nan
10756000,4.177,0.380,nan
10758000,4.177,0.380,nan
10760000,4.177,0.380,nan
10762000,4.177,0.380,nan
10764000,4.177,0.380,nan
10766000,4.177,0.380,nan
10768000,4.177,0.380,nan
10770000,4.177,0.380,nan
10772000,4.177,0.380,nan
10774000,4.177,0.380,nan
10776000,4.177,0.380,nan
10778000,4.177,0.380,nan
10780000,4.177,0.380,nan
10782000,4.177,0.380,nan
10784000,4.177,0.380,nan
10786000,4.177,0.380,nan
10788000,4.177,0.380,nan
10790000,4.177,0.380,nan
10792000,4.177,0.380,nan
10794000,4.177,0.380,nan
10796000,4.177,0.380,nan
10798000,4.177,0.380,nan
10800000,4.177,0.380,nan
10802000,4.177,0.380,nan
10804000,4.177,0.380,nan
10806000,4.177,0.380,nan
10808000,4.177,0.380,nan
10810000,4.177,0.380,nan
10812000,4.177,0.380,nan
10814000,4.177,0.380,nan
10816000,4.177,0.380,nan
10818000,4.177,0.380,nan
10820000,4.177,0.380,nan
10822000,4.177,0.380,nan
10824000,4.177,0.380,nan
10826000,4.177,0.380,nan
10828000,4.177,0.380,nan
10830000,4.177,0.380,nan
10832000,4.177,0.380,nan
10834000,4.177,0.380,nan
10836000,4.177,0.380,nan
10838000,4.177,0.380,nan
10840000,4.177,0.380,nan
10842000,4.177,0.380,nan
10844000,4.177,0.380,nan
10846000,4.177,0.380,nan
10848000,4.177,0.380,nan
10850000,4.177,0.380,nan
10852000,4.177,0.380,nan
10854000,4.177,0.380,nan
10856000,4.177,0.380,nan
10858000,4.177,0.380,nan
10860000,4.177,0.380,nan
10862000,4.177,0.380,nan
10864000,4.177,0.380,nan
10866000,4.177,0.380,nan
10868000,4.177,0.380,nan
10870000,4.177,0.380,nan
10872000,4.177,0.380,nan
10874000,4.177,0.380,nan
10876000,4.177,0.380,nan
10878000,4.177,0.380,nan
10880000,4.177,0.380,nan
10882000,4.177,0.380,nan
10884000,4.177,0.380,nan
10886000,4.177,0.380,nan
10888000,4.177,0.380,nan
10890000,4.177,0.380,nan
10892000,4.177,0.380,nan
10894000,4.177,0.380,nan
10896000,4.177,0.380,nan
10898000,4.177,0.380,nan
10900000,4.177,0.380,nan
10902000,4.177,0.380,nan
10904000,4.177,0.380,nan
10906000,4.177,0.380,nan
10908000,4.177,0.380,nan
10910000,4.177,0.380,nan
10912000,4.177,0.380,nan
10914000,4.177,0.380,nan
10916000,4.177,0.380,nan
10918000,4.177,0.380,nan
10920000,4.177,0.380,nan
10922000,4.177,0.380,nan
10924000,4.177,0.380,nan
10926000,4.177,0.380,nan
10928000,4.177,0.380,nan
10930000,4.177,0.380,nan
10932000,4.177,0.380,nan
10934000,4.177,0.380,nan
10936000,4.177,0.380,nan
10938000,4.177,0.380,nan
10940000,4.177,0.380,nan
10942000,4.177,0.380,nan
10944000,4.177,0.380,nan
10946000,4.177,0.380,nan
10948000,4.177,0.380,nan
10950000,4.177,0.380,nan
10952000,4.177,0.380,nan
10954000,4.177,0.380,nan
10956000,4.177,0.380,nan
10958000,4.177,0.380,nan
10960000,4.177,0.380,nan
10962000,4.177,0.380,nan
10964000,4.177,0.380,nan
10966000,4.177,0.380,nan
10968000,4.177,0.380,nan
10970000,4.177,0.380,nan
10972000,4.177,0.380,nan
10974000,4.177,0.380,nan
10976000,4.177,0.380,nan
10978000,4.177,0.380,nan
10980000,4.177,0.380,nan
10982000,4.177,0.380,nan
10984000,4.177,0.380,nan
10986000,4.177,0.380,nan
10988000,4.177,0.380,nan
10990000,4.177,0.380,nan
10992000,4.177,0.380,nan
10994000,4.177,0.380,nan
10996000,4.177,0.380,nan
10998000,4.177,0.380,nan
11000000,4.177,0.380,nan
11002000,4.177,0.380,nan
11004000,4.177,0.380,nan
11006000,4.177,0.380,nan
11008000,4.177,0.380,nan
11010000,4.177,0.380,nan
11012000,4.177,0.380,nan
11014000,4.177,0.380,nan
11016000,4.177,0.380,nan
11018000,4.177,0.380,nan
11020000,4.177,0.380,nan
11022000,4.177,0.380,nan
11024000,4.177,0.380,nan
11026000,4.177,0.380,nan
11028000,4.177,0.380,nan
11030000,4.177,0.380,nan
11032000,4.177,0.380,nan
11034000,4.177,0.380,nan
11036000,4.177,0.380,nan
11038000,4.177,0.380,nan
11040000,4.177,0.380,nan
11042000,4.177,0.380,nan
11044000,4.177,0.380,nan
11046000,4.177,0.380,nan
11048000,4.177,0.380,nan
11050000,4.177,0.380,nan
11052000,4.177,0.380,nan
11054000,4.177,0.380,nan
11056000,4.177,0.380,nan
11058000,4.177,0.380,nan
11060000,4.177,0.380,nan
11062000,4.177,0.380,nan
11064000,4.177,0.380,nan
11066000,4.177,0.380,nan
11068000,4.177,0.380,nan
11070000,4.177,0.380,nan
11072000,4.177,0.380,nan
11074000,4.177,0.380,nan
11076000,4.177,0.380,nan
11078000,4.177,0.380,nan
11080000,4.177,0.380,nan
11082000,4.177,0.380,nan
11084000,4.177,0.380,nan
11086000,4.177,0.380,nan
11088000,4.177,0.380,nan
11090000,4.177,0.380,nan
11092000,4.177,0.380,nan
11094000,4.177,0.380,nan
11096000,4.177,0.380,nan
11098000,4.177,0.380,nan
11100000,4.177,0.380,nan
11102000,4.177,0.380,nan
11104000,4.177,0.380,nan
11106000,4.177,0.380,nan
11108000,4.177,0.380,nan
11110000,4.177,0.380,nan
11112000,4.177,0.380,nan
11114000,4.177,0.380,nan
11116000,4.177,0.380,nan
11118000,4.177,0.380,nan
11120000,4.177,0.380,nan
11122000,4.177,0.380,nan
11124000,4.177,0.380,nan
11126000,4.177,0.380,nan
11128000,4.177,0.380,nan
11130000,4.177,0.380,nan
11132000,4.177,0.380,nan
11134000,4.177,0.380,nan
11136000,4.177,0.380,nan
11138000,4.177,0.380,nan
11140000,4.177,0.380,nan
11142000,4.177,0.380,nan
11144000,4.177,0.380,nan
11146000,4.177,0.380,nan
11148000,4.177,0.380,nan
11150000,4.177,0.380,nan
11152000,4.177,0.380,nan
11154000,4.177,0.380,nan
11156000,4.177,0.380,nan
11158000,4.177,0.380,nan
11160000,4.177,0.380,nan
11162000,4.177,0.380,nan
11164000,4.177,0.380,nan
11166000,4.177,0.380,nan
11168000,4.177,0.380,nan
11170000,4.177,0.380,nan
11172000,4.177,0.380,nan
11174000,4.177,0.380,nan
11176000,4.177,0.380,nan
11178000,4.177,0.380,nan
11180000,4.177,0.380,nan
11182000,4.177,0.380,nan
11184000,4.177,0.380,nan
11186000,4.177,0.380,nan
11188000,4.177,0.380,nan
11190000,4.177,0.380,nan
11192000,4.177,0.380,nan
11194000,4.177,0.380,nan
11196000,4.177,0.380,nan
11198000,4.177,0.380,nan
11200000,4.177,0.380,nan
11202000,4.177,0.380,nan
11204000,4.177,0.380,nan
11206000,4.177,0.380,nan
11208000,4.177,0.380,nan
11210000,4.177,0.380,nan
11212000,4.177,0.380,nan
11214000,4.177,0.380,nan
11216000,4.177,0.380,nan
11218000,4.177,0.380,nan
11220000,4.177,0.380,nan
11222000,4.177,0.380,nan
11224000,4.177,0.380,nan
11226000,4.177,0.380,nan
11228000,4.177,0.380,nan
11230000,4.177,0.380,nan
11232000,4.177,0.380,nan
11234000,4.177,0.380,nan
11236000,4.177,0.380,nan
11238000,4.177,0.380,nan
11240000,4.177,0.380,nan
11242000,4.177,0.380,nan
11244000,4.177,0.380,nan
11246000,4.177,0.380,nan
11248000,4.177,0.380,nan
11250000,4.177,0.380,nan
11252000,4.177,0.380,nan
11254000,4.177,0.380,nan
11256000,4.177,0.380,nan
11258000,4.177,0.380,nan
11260000,4.177,0.380,nan
11262000,4.177,0.380,nan
11264000,4.177,0.380,nan
11266000,4.177,0.380,nan
11268000,4.177,0.380,nan
11270000,4.177,0.380,nan
11272000,4.177,0.380,nan
11274000,4.177,0.380,nan
11276000,4.177,0.380,nan
11278000,4.177,0.380,nan
11280000,4.177,0.380,nan
11282000,4.177,0.380,nan
11284000,4.177,0.380,nan
11286000,4.177,0.380,nan
11288000,4.177,0.380,nan
11290000,4.177,0.380,nan
11292000,4.177,0.380,nan
11294000,4.177,0.380,nan
11296000,4.177,0.380,nan
11298000,4.177,0.380,nan
11300000,4.177,0.380,nan
11302000,4.177,0.380,nan
11304000,4.177,0.380,nan
11306000,4.177,0.380,nan
11308000,4.177,0.380,nan
11310000,4.177,0.380,nan
11312000,4.177,0.380,nan
11314000,4.177,0.380,nan
11316000,4.177,0.380,nan
11318000,4.177,0.380,nan
11320000,4.177,0.380,nan
11322000,4.177,0.380,nan
11324000,4.177,0.380,nan
11326000,4.177,0.380,nan
11328000,4.177,0.380,nan
11330000,4.177,0.380,nan
11332000,4.177,0.380,nan
11334000,4.177,0.380,nan
11336000,4.177,0.380,nan
11338000,4.177,0.380,nan
11340000,4.177,0.380,nan
11342000,4.177,0.380,nan
11344000,4.177,0.380,nan
11346000,4.177,0.380,nan
11348000,4.177,0.380,nan
11350000,4.177,0.380,nan
11352000,4.177,0.380,nan
11354000,4.177,0.380,nan
11356000,4.177,0.380,nan
11358000,4.177,0.380,nan
11360000,4.177,0.380,nan
11362000,4.177,0.380,nan
11364000,4.177,0.380,nan
11366000,4.177,0.380,nan
11368000,4.177,0.380,nan
11370000,4.177,0.380,nan
11372000,4.177,0.380,nan
11374000,4.177,0.380,nan
11376000,4.177,0.380,nan
11378000,4.177,0.380,nan
11380000,4.177,0.380,nan
11382000,4.177,0.380,nan
11384000,4.177,0.380,nan
11386000,4.177,0.380,nan
11388000,4.177,0.380,nan
11390000,4.177,0.380,nan
11392000,4.177,0.380,nan
11394000,4.177,0.380,nan
11396000,4.177,0.380,nan
11398000,4.177,0.380,nan
11400000,4.177,0.380,nan
11402000,4.177,0.380,nan
11404000,4.177,0.380,nan
11406000,4.177,0.380,nan
11408000,4.177,0.380,nan
11410000,4.177,0.380,nan
11412000,4.177,0.380,nan
11414000,4.177,0.380,nan
11416000,4.177,0.380,nan
11418000,4.177,0.380,nan
11420000,4.177,0.380,nan
11422000,4.177,0.380,nan
11424000,4.177,0.380,nan
11426000,4.177,0.380,nan
11428000,4.177,0.380,nan
11430000,4.177,0.380,nan
11432000,4.177,0.380,nan
11434000,4.177,0.380,nan
11436000,4.177,0.380,nan
11438000,4.177,0.380,nan
11440000,4.177,0.380,nan
11442000,4.177,0.380,nan
11444000,4.177,0.380,nan
11446000,4.177,0.380,nan
11448000,4.177,0.380,nan
11450000,4.177,0.380,nan
11452000,4.177,0.380,nan
11454000,4.177,0.380,nan
11456000,4.177,0.380,nan
11458000,4.177,0.380,nan
11460000,4.177,0.380,nan
11462000,4.177,0.380,nan
11464000,4.177,0.380,nan
11466000,4.177,0.380,nan
11468000,4.177,0.380,nan
11470000,4.177,0.380,nan
11472000,4.177,0.380,nan
11474000,4.177,0.380,nan
11476000,4.177,0.380,nan
11478000,4.177,0.380,nan
11480000,4.177,0.380,nan
11482000,4.177,0.380,nan
11484000,4.177,0.380,nan
11486000,4.177,0.380,nan
11488000,4.177,0.380,nan
11490000,4.177,0.380,nan
11492000,4.177,0.380,nan
11494000,4.177,0.380,nan
11496000,4.177,0.380,nan
11498000,4.177,0.380,nan
11500000,4.177,0.380,nan
11502000,4.177,0.380,nan
11504000,4.177,0.380,nan
11506000,4.177,0.380,nan
11508000,4.177,0.380,nan
11510000,4.177,0.380,nan
11512000,4.177,0.380,nan
11514000,4.177,0.380,nan
11516000,4.177,0.380,nan
11518000,4.177,0.380,nan
11520000,4.177,0.380,nan
11522000,4.177,0.380,nan
11524000,4.177,0.380,nan
11526000,4.177,0.380,nan
11528000,4.177,0.380,nan
11530000,4.177,0.380,nan
11532000,4.177,0.380,nan
11534000,4.177,0.380,nan
11536000,4.177,0.380,nan
11538000,4.177,0.380,nan
11540000,4.177,0.380,nan
11542000,4.177,0.380,nan
11544000,4.177,0.380,nan
11546000,4.177,0.380,nan
11548000,4.177,0.380,nan
11550000,4.177,0.380,nan
11552000,4.177,0.380,nan
11554000,4.177,0.380,nan
11556000,4.177,0.380,nan
11558000,4.177,0.380,nan
11560000,4.177,0.380,nan
11562000,4.177,0.380,nan
11564000,4.177,0.380,nan
11566000,4.177,0.380,nan
11568000,4.177,0.380,nan
11570000,4.177,0.380,nan
11572000,4.177,0.380,nan
11574000,4.177,0.380,nan
11576000,4.177,0.380,nan
11578000,4.177,0.380,nan
11580000,4.177,0.380,nan
11582000,4.177,0.380,nan
11584000,4.177,0.380,nan
11586000,4.177,0.380,nan
11588000,4.177,0.380,nan
11590000,4.177,0.380,nan
11592000,4.177,0.380,nan
11594000,4.177,0.380,nan
11596000,4.177,0.380,nan
11598000,4.177,0.380,nan
11600000,4.177,0.380,nan
11602000,4.177,0.380,nan
11604000,4.177,0.380,nan
11606000,4.177,0.380,nan
11608000,4.177,0.380,nan
11610000,4.177,0.380,nan
11612000,4.177,0.380,nan
11614000,4.177,0.380,nan
11616000,4.177,0.380,nan
11618000,4.177,0.380,nan
11620000,4.177,0.380,nan
11622000,4.177,0.380,nan
11624000,4.177,0.380,nan
11626000,4.177,0.380,nan
11628000,4.177,0.380,nan
11630000,4.177,0.380,nan
11632000,4.177,0.380,nan
11634000,4.177,0.380,nan
11636000,4.177,0.380,nan
11638000,4.177,0.380,nan
11640000,4.177,0.380,nan
11642000,4.177,0.380,nan
11644000,4.177,0.380,nan
11646000,4.177,0.380,nan
11648000,4.177,0.380,nan
11650000,4.177,0.380,nan
11652000,4.177,0.380,nan
11654000,4.177,0.380,nan
11656000,4.177,0.380,nan
11658000,4.177,0.380,nan
11660000,4.177,0.380,nan
11662000,4.177,0.380,nan
11664000,4.177,0.380,nan
11666000,4.177,0.380,nan
11668000,4.177,0.380,nan
11670000,4.177,0.380,nan
11672000,4.177,0.380,nan
11674000,4.177,0.380,nan
11676000,4.177,0.380,nan
11678000,4.177,0.380,nan
11680000,4.177,0.380,nan
11682000,4.177,0.380,nan
11684000,4.177,0.380,nan
11686000,4.177,0.380,nan
11688000,4.177,0.380,nan
11690000,4.177,0.380,nan
11692000,4.177,0.380,nan
11694000,4.177,0.380,nan
11696000,4.177,0.380,nan
11698000,4.177,0.380,nan
11700000,4.177,0.380,nan
11702000,4.177,0.380,nan
11704000,4.177,0.380,nan
11706000,4.177,0.380,nan
11708000,4.177,0.380,nan
11710000,4.177,0.380,nan
11712000,4.177,0.380,nan
11714000,4.177,0.380,nan
11716000,4.177,0.380,nan
11718000,4.177,0.380,nan
11720000,4.177,0.380,nan
11722000,4.177,0.380,nan
11724000,4.177,0.380,nan
11726000,4.177,0.380,nan
11728000,4.177,0.380,nan
11730000,4.177,0.380,nan
11732000,4.177,0.380,nan
11734000,4.177,0.380,nan
11736000,4.177,0.380,nan
11738000,4.177,0.380,nan
11740000,4.177,0.380,nan
11742000,4.177,0.380,nan
11744000,4.177,0.380,nan
11746000,4.177,0.380,nan
11748000,4.177,0.380,nan
11750000,4.177,0.380,nan
11752000,4.177,0.380,nan
11754000,4.177,0.380,nan
11756000,4.177,0.380,nan
11758000,4.177,0.380,nan
11760000,4.177,0.380,nan
11762000,4.177,0.380,nan
11764000,4.177,0.380,nan
11766000,4.177,0.380,nan
11768000,4.177,0.380,nan
11770000,4.177,0.380,nan
11772000,4.177,0.380,nan
11774000,4.177,0.380,nan
11776000,4.177,0.380,nan
11778000,4.177,0.380,nan
11780000,4.177,0.380,nan
11782000,4.177,0.380,nan
11784000,4.177,0.380,nan
11786000,4.177,0.380,nan
11788000,4.177,0.380,nan
11790000,4.177,0.380,nan
11792000,4.177,0.380,nan
11794000,4.177,0.380,nan
11796000,4.177,0.380,nan
11798000,4.177,0.380,nan
11800000,4.177,0.380,nan
11802000,4.177,0.380,nan
11804000,4.177,0.380,nan
11806000,4.177,0.380,nan
11808000,4.177,0.380,nan
11810000,4.177,0.380,nan
11812000,4.177,0.380,nan
11814000,4.177,0.380,nan
11816000,4.177,0.380,nan
11818000,4.177,0.380,nan
11820000,4.177,0.380,nan
11822000,4.177,0.380,nan
11824000,4.177,0.380,nan
11826000,4.177,0.380,nan
11828000,4.177,0.380,nan
11830000,4.177,0.380,nan
11832000,4.177,0.380,nan
11834000,4.177,0.380,nan
11836000,4.177,0.380,nan
11838000,4.177,0.380,nan
11840000,4.177,0.380,nan
11842000,4.177,0.380,nan
11844000,4.177,0.380,nan
11846000,4.177,0.380,nan
11848000,4.177,0.380,nan
11850000,4.177,0.380,nan
11852000,4.177,0.380,nan
11854000,4.177,0.380,nan
11856000,4.177,0.380,nan
11858000,4.177,0.380,nan
11860000,4.177,0.380,nan
11862000,4.177,0.380,nan
11864000,4.177,0.380,nan
11866000,4.177,0.380,nan
11868000,4.177,0.380,nan
11870000,4.177,0.380,nan
11872000,4.177,0.380,nan
11874000,4.177,0.380,nan
11876000,4.177,0.380,nan
11878000,4.177,0.380,nan
11880000,4.177,0.380,nan
11882000,4.177,0.380,nan
11884000,4.177,0.380,nan
11886000,4.177,0.380,nan
11888000,4.177,0.380,nan
11890000,4.177,0.380,nan
11892000,4.177,0.380,nan
11894000,4.177,0.380,nan
11896000,4.177,0.380,nan
11898000,4.177,0.380,nan
11900000,4.177,0.380,nan
11902000,4.177,0.380,nan
11904000,4.177,0.380,nan
11906000,4.177,0.380,nan
11908000,4.177,0.380,nan
11910000,4.177,0.380,nan
11912000,4.177,0.380,nan
11914000,4.177,0.380,nan
11916000,4.177,0.380,nan
11918000,4.177,0.380,nan
11920000,4.177,0.380,nan
11922000,4.177,0.380,nan
11924000,4.177,0.380,nan
11926000,4.177,0.380,nan
11928000,4.177,0.380,nan
11930000,4.177,0.380,nan
11932000,4.177,0.380,nan
11934000,4.177,0.380,nan
11936000,4.177,0.380,nan
11938000,4.177,0.380,nan
11940000,4.177,0.380,nan
11942000,4.177,0.380,nan
11944000,4.177,0.380,nan
11946000,4.177,0.380,nan
11948000,4.177,0.380,nan
11950000,4.177,0.380,nan
11952000,4.177,0.380,nan
11954000,4.177,0.380,nan
11956000,4.177,0.380,nan
11958000,4.177,0.380,nan
11960000,4.177,0.380,nan
11962000,4.177,0.380,nan
11964000,4.177,0.380,nan
11966000,4.177,0.380,nan
11968000,4.177,0.380,nan
11970000,4.177,0.380,nan
11972000,4.177,0.380,nan
11974000,4.177,0.380,nan
11976000,4.177,0.380,nan
11978000,4.177,0.380,nan
11980000,4.177,0.380,nan
11982000,4.177,0.380,nan
11984000,4.177,0.380,nan
11986000,4.177,0.380,nan
11988000,4.177,0.380,nan
11990000,4.177,0.380,nan
11992000,4.177,0.380,nan
11994000,4.177,0.380,nan
11996000,4.177,0.380,nan
11998000,4.177,0.380,nan
